-- Seed Data for Enterprise AI Operations Platform
-- Darshan_AI_Engineer_Ops Pvt. Ltd.

-- 1. Departments
INSERT INTO departments (department_id, name, description, cost_center) VALUES (1, 'Executive Leadership', 'Board and corporate strategic governance', 'CC-101');
INSERT INTO departments (department_id, name, description, cost_center) VALUES (2, 'Engineering & IT', 'Software development, product infrastructure, and tech support', 'CC-202');
INSERT INTO departments (department_id, name, description, cost_center) VALUES (3, 'Human Resources', 'Talent acquisition, employee welfare, and operations', 'CC-303');
INSERT INTO departments (department_id, name, description, cost_center) VALUES (4, 'Finance & Accounting', 'Corporate ledger, travel audits, billing, and tax', 'CC-404');
INSERT INTO departments (department_id, name, description, cost_center) VALUES (5, 'Sales & Marketing', 'Enterprise customer acquisition and product outreach', 'CC-505');
INSERT INTO departments (department_id, name, description, cost_center) VALUES (6, 'Customer Support', 'L1/L2 technical assistance and client success', 'CC-606');

-- 2. Employees
INSERT INTO employees (employee_id, full_name, email, phone, department_id, manager_id, salary, joining_date, location, status) VALUES (1, 'Devendra Rao', 'devendra.rao@Darshan_AI_Engineer_Ops-solutions.com', '+91-98765-43210', 1, NULL, 3800000.0, '2020-01-10', 'Bengaluru', 'Active');
INSERT INTO employees (employee_id, full_name, email, phone, department_id, manager_id, salary, joining_date, location, status) VALUES (2, 'Neha Gupta', 'neha.gupta@Darshan_AI_Engineer_Ops-solutions.com', '+91-98765-43211', 2, 1, 2900000.0, '2021-01-24', 'Bengaluru', 'Active');
INSERT INTO employees (employee_id, full_name, email, phone, department_id, manager_id, salary, joining_date, location, status) VALUES (3, 'Ananya Sharma', 'ananya.sharma@Darshan_AI_Engineer_Ops-solutions.com', '+91-98765-43212', 3, 1, 2100000.0, '2022-04-08', 'Bengaluru', 'Active');
INSERT INTO employees (employee_id, full_name, email, phone, department_id, manager_id, salary, joining_date, location, status) VALUES (4, 'Vikram Sen', 'vikram.sen@Darshan_AI_Engineer_Ops-solutions.com', '+91-98765-43213', 4, 1, 2600000.0, '2021-12-04', 'Bengaluru', 'Active');
INSERT INTO employees (employee_id, full_name, email, phone, department_id, manager_id, salary, joining_date, location, status) VALUES (5, 'Sarah Jenkins', 'sarah.jenkins@Darshan_AI_Engineer_Ops-solutions.com', '+91-98765-43214', 5, 1, 2800000.0, '2021-10-14', 'Bengaluru', 'Active');
INSERT INTO employees (employee_id, full_name, email, phone, department_id, manager_id, salary, joining_date, location, status) VALUES (6, 'Meera Nair', 'meera.nair@Darshan_AI_Engineer_Ops-solutions.com', '+91-98765-43215', 6, 1, 2000000.0, '2021-01-03', 'Bengaluru', 'Active');
INSERT INTO employees (employee_id, full_name, email, phone, department_id, manager_id, salary, joining_date, location, status) VALUES (7, 'Neha Nair', 'neha.nair7@Darshan_AI_Engineer_Ops-solutions.com', '+91-98555-00007', 3, 3, 1029903.0, '2025-01-18', 'Pune', 'On Leave');
INSERT INTO employees (employee_id, full_name, email, phone, department_id, manager_id, salary, joining_date, location, status) VALUES (8, 'Sanjay Mehta', 'sanjay.mehta8@Darshan_AI_Engineer_Ops-solutions.com', '+91-98555-00008', 3, 3, 1117889.0, '2024-01-25', 'Pune', 'On Leave');
INSERT INTO employees (employee_id, full_name, email, phone, department_id, manager_id, salary, joining_date, location, status) VALUES (9, 'Deepika Kumar', 'deepika.kumar9@Darshan_AI_Engineer_Ops-solutions.com', '+91-98555-00009', 4, 4, 663032.0, '2023-06-04', 'Bengaluru', 'On Leave');
INSERT INTO employees (employee_id, full_name, email, phone, department_id, manager_id, salary, joining_date, location, status) VALUES (10, 'Karan Singh', 'karan.singh10@Darshan_AI_Engineer_Ops-solutions.com', '+91-98555-00010', 2, 2, 1321327.0, '2025-05-26', 'Bengaluru', 'On Leave');
INSERT INTO employees (employee_id, full_name, email, phone, department_id, manager_id, salary, joining_date, location, status) VALUES (11, 'Kavita Reddy', 'kavita.reddy11@Darshan_AI_Engineer_Ops-solutions.com', '+91-98555-00011', 6, 6, 796922.0, '2023-09-10', 'Delhi NCR', 'Active');
INSERT INTO employees (employee_id, full_name, email, phone, department_id, manager_id, salary, joining_date, location, status) VALUES (12, 'Amit Choudhury', 'amit.choudhury12@Darshan_AI_Engineer_Ops-solutions.com', '+91-98555-00012', 6, 6, 472933.0, '2023-11-08', 'Mumbai', 'Active');
INSERT INTO employees (employee_id, full_name, email, phone, department_id, manager_id, salary, joining_date, location, status) VALUES (13, 'Priya Das', 'priya.das13@Darshan_AI_Engineer_Ops-solutions.com', '+91-98555-00013', 3, 3, 898591.0, '2024-08-21', 'Mumbai', 'Active');
INSERT INTO employees (employee_id, full_name, email, phone, department_id, manager_id, salary, joining_date, location, status) VALUES (14, 'Rajesh Bose', 'rajesh.bose14@Darshan_AI_Engineer_Ops-solutions.com', '+91-98555-00014', 4, 4, 719684.0, '2025-05-23', 'Bengaluru', 'Active');
INSERT INTO employees (employee_id, full_name, email, phone, department_id, manager_id, salary, joining_date, location, status) VALUES (15, 'Swati Mishra', 'swati.mishra15@Darshan_AI_Engineer_Ops-solutions.com', '+91-98555-00015', 6, 6, 656702.0, '2023-08-13', 'Mumbai', 'Active');
INSERT INTO employees (employee_id, full_name, email, phone, department_id, manager_id, salary, joining_date, location, status) VALUES (16, 'Devendra Pillai', 'devendra.pillai16@Darshan_AI_Engineer_Ops-solutions.com', '+91-98555-00016', 4, 14, 740174.0, '2023-06-13', 'Mumbai', 'Active');
INSERT INTO employees (employee_id, full_name, email, phone, department_id, manager_id, salary, joining_date, location, status) VALUES (17, 'Meera Deshmukh', 'meera.deshmukh17@Darshan_AI_Engineer_Ops-solutions.com', '+91-98555-00017', 3, 7, 829963.0, '2023-11-16', 'Hyderabad', 'On Leave');
INSERT INTO employees (employee_id, full_name, email, phone, department_id, manager_id, salary, joining_date, location, status) VALUES (18, 'Vijay Nair', 'vijay.nair18@Darshan_AI_Engineer_Ops-solutions.com', '+91-98555-00018', 3, 8, 646413.0, '2023-12-18', 'Delhi NCR', 'Active');
INSERT INTO employees (employee_id, full_name, email, phone, department_id, manager_id, salary, joining_date, location, status) VALUES (19, 'Shalini Iyer', 'shalini.iyer19@Darshan_AI_Engineer_Ops-solutions.com', '+91-98555-00019', 6, 12, 1011878.0, '2024-06-08', 'Pune', 'On Leave');
INSERT INTO employees (employee_id, full_name, email, phone, department_id, manager_id, salary, joining_date, location, status) VALUES (20, 'Pranav Pandey', 'pranav.pandey20@Darshan_AI_Engineer_Ops-solutions.com', '+91-98555-00020', 2, 2, 829950.0, '2023-11-06', 'Hyderabad', 'Active');
INSERT INTO employees (employee_id, full_name, email, phone, department_id, manager_id, salary, joining_date, location, status) VALUES (21, 'Divya Saxena', 'divya.saxena21@Darshan_AI_Engineer_Ops-solutions.com', '+91-98555-00021', 5, 5, 1849668.0, '2024-09-09', 'Delhi NCR', 'Active');
INSERT INTO employees (employee_id, full_name, email, phone, department_id, manager_id, salary, joining_date, location, status) VALUES (22, 'Suresh Roy', 'suresh.roy22@Darshan_AI_Engineer_Ops-solutions.com', '+91-98555-00022', 2, 2, 1726108.0, '2024-11-11', 'Bengaluru', 'Active');
INSERT INTO employees (employee_id, full_name, email, phone, department_id, manager_id, salary, joining_date, location, status) VALUES (23, 'Ritu Banerjee', 'ritu.banerjee23@Darshan_AI_Engineer_Ops-solutions.com', '+91-98555-00023', 5, 21, 1551527.0, '2023-12-24', 'Mumbai', 'Active');
INSERT INTO employees (employee_id, full_name, email, phone, department_id, manager_id, salary, joining_date, location, status) VALUES (24, 'Ankit Soni', 'ankit.soni24@Darshan_AI_Engineer_Ops-solutions.com', '+91-98555-00024', 6, 19, 1055674.0, '2024-11-17', 'Delhi NCR', 'Active');
INSERT INTO employees (employee_id, full_name, email, phone, department_id, manager_id, salary, joining_date, location, status) VALUES (25, 'Nisha Vyas', 'nisha.vyas25@Darshan_AI_Engineer_Ops-solutions.com', '+91-98555-00025', 3, 13, 669396.0, '2025-09-01', 'Delhi NCR', 'Active');
INSERT INTO employees (employee_id, full_name, email, phone, department_id, manager_id, salary, joining_date, location, status) VALUES (26, 'Manoj Dubey', 'manoj.dubey26@Darshan_AI_Engineer_Ops-solutions.com', '+91-98555-00026', 5, 21, 834603.0, '2024-05-08', 'Bengaluru', 'Active');
INSERT INTO employees (employee_id, full_name, email, phone, department_id, manager_id, salary, joining_date, location, status) VALUES (27, 'Aarti Shetty', 'aarti.shetty27@Darshan_AI_Engineer_Ops-solutions.com', '+91-98555-00027', 6, 6, 489814.0, '2025-08-27', 'Bengaluru', 'Active');
INSERT INTO employees (employee_id, full_name, email, phone, department_id, manager_id, salary, joining_date, location, status) VALUES (28, 'Harish Kapoor', 'harish.kapoor28@Darshan_AI_Engineer_Ops-solutions.com', '+91-98555-00028', 3, 3, 998369.0, '2025-03-09', 'Delhi NCR', 'On Leave');
INSERT INTO employees (employee_id, full_name, email, phone, department_id, manager_id, salary, joining_date, location, status) VALUES (29, 'Komal Chatterjee', 'komal.chatterjee29@Darshan_AI_Engineer_Ops-solutions.com', '+91-98555-00029', 3, 25, 710922.0, '2025-05-13', 'Mumbai', 'On Leave');
INSERT INTO employees (employee_id, full_name, email, phone, department_id, manager_id, salary, joining_date, location, status) VALUES (30, 'Sandip Mahajan', 'sandip.mahajan30@Darshan_AI_Engineer_Ops-solutions.com', '+91-98555-00030', 6, 27, 526882.0, '2023-04-03', 'Mumbai', 'Active');
INSERT INTO employees (employee_id, full_name, email, phone, department_id, manager_id, salary, joining_date, location, status) VALUES (31, 'Preeti Kulkarni', 'preeti.kulkarni31@Darshan_AI_Engineer_Ops-solutions.com', '+91-98555-00031', 6, 19, 641292.0, '2025-04-01', 'Bengaluru', 'Active');
INSERT INTO employees (employee_id, full_name, email, phone, department_id, manager_id, salary, joining_date, location, status) VALUES (32, 'Sunil Prasad', 'sunil.prasad32@Darshan_AI_Engineer_Ops-solutions.com', '+91-98555-00032', 3, 3, 532938.0, '2024-02-17', 'Pune', 'Active');
INSERT INTO employees (employee_id, full_name, email, phone, department_id, manager_id, salary, joining_date, location, status) VALUES (33, 'Monica Naidu', 'monica.naidu33@Darshan_AI_Engineer_Ops-solutions.com', '+91-98555-00033', 5, 5, 1730855.0, '2023-12-19', 'Delhi NCR', 'On Leave');
INSERT INTO employees (employee_id, full_name, email, phone, department_id, manager_id, salary, joining_date, location, status) VALUES (34, 'Abhishek Menon', 'abhishek.menon34@Darshan_AI_Engineer_Ops-solutions.com', '+91-98555-00034', 3, 18, 926833.0, '2023-02-04', 'Hyderabad', 'Active');
INSERT INTO employees (employee_id, full_name, email, phone, department_id, manager_id, salary, joining_date, location, status) VALUES (35, 'Jyoti Dave', 'jyoti.dave35@Darshan_AI_Engineer_Ops-solutions.com', '+91-98555-00035', 5, 21, 1579421.0, '2025-01-22', 'Bengaluru', 'Active');
INSERT INTO employees (employee_id, full_name, email, phone, department_id, manager_id, salary, joining_date, location, status) VALUES (36, 'Yogesh Kaur', 'yogesh.kaur36@Darshan_AI_Engineer_Ops-solutions.com', '+91-98555-00036', 5, 35, 829153.0, '2023-04-07', 'Delhi NCR', 'On Leave');
INSERT INTO employees (employee_id, full_name, email, phone, department_id, manager_id, salary, joining_date, location, status) VALUES (37, 'Kiran Dutta', 'kiran.dutta37@Darshan_AI_Engineer_Ops-solutions.com', '+91-98555-00037', 3, 17, 692401.0, '2024-08-08', 'Bengaluru', 'On Leave');
INSERT INTO employees (employee_id, full_name, email, phone, department_id, manager_id, salary, joining_date, location, status) VALUES (38, 'Gaurav Bhalerao', 'gaurav.bhalerao38@Darshan_AI_Engineer_Ops-solutions.com', '+91-98555-00038', 6, 12, 453045.0, '2025-09-27', 'Bengaluru', 'Active');
INSERT INTO employees (employee_id, full_name, email, phone, department_id, manager_id, salary, joining_date, location, status) VALUES (39, 'Sneha Kamate', 'sneha.kamate39@Darshan_AI_Engineer_Ops-solutions.com', '+91-98555-00039', 3, 37, 926156.0, '2024-08-07', 'Hyderabad', 'Active');
INSERT INTO employees (employee_id, full_name, email, phone, department_id, manager_id, salary, joining_date, location, status) VALUES (40, 'Alok Sharma', 'alok.sharma40@Darshan_AI_Engineer_Ops-solutions.com', '+91-98555-00040', 3, 28, 502260.0, '2024-05-26', 'Hyderabad', 'Active');
INSERT INTO employees (employee_id, full_name, email, phone, department_id, manager_id, salary, joining_date, location, status) VALUES (41, 'Priyanka Verma', 'priyanka.verma41@Darshan_AI_Engineer_Ops-solutions.com', '+91-98555-00041', 5, 33, 924632.0, '2023-05-07', 'Bengaluru', 'Active');
INSERT INTO employees (employee_id, full_name, email, phone, department_id, manager_id, salary, joining_date, location, status) VALUES (42, 'Nitin Gupta', 'nitin.gupta42@Darshan_AI_Engineer_Ops-solutions.com', '+91-98555-00042', 4, 16, 552578.0, '2025-08-17', 'Delhi NCR', 'Active');
INSERT INTO employees (employee_id, full_name, email, phone, department_id, manager_id, salary, joining_date, location, status) VALUES (43, 'Poonam Sen', 'poonam.sen43@Darshan_AI_Engineer_Ops-solutions.com', '+91-98555-00043', 2, 2, 768005.0, '2023-02-20', 'Bengaluru', 'Active');
INSERT INTO employees (employee_id, full_name, email, phone, department_id, manager_id, salary, joining_date, location, status) VALUES (44, 'Rakesh Patel', 'rakesh.patel44@Darshan_AI_Engineer_Ops-solutions.com', '+91-98555-00044', 5, 21, 1794695.0, '2023-10-20', 'Bengaluru', 'Active');
INSERT INTO employees (employee_id, full_name, email, phone, department_id, manager_id, salary, joining_date, location, status) VALUES (45, 'Sonal Joshi', 'sonal.joshi45@Darshan_AI_Engineer_Ops-solutions.com', '+91-98555-00045', 5, 21, 1146865.0, '2023-11-23', 'Mumbai', 'Active');
INSERT INTO employees (employee_id, full_name, email, phone, department_id, manager_id, salary, joining_date, location, status) VALUES (46, 'Manish Rao', 'manish.rao46@Darshan_AI_Engineer_Ops-solutions.com', '+91-98555-00046', 4, 9, 637235.0, '2025-11-10', 'Hyderabad', 'Active');
INSERT INTO employees (employee_id, full_name, email, phone, department_id, manager_id, salary, joining_date, location, status) VALUES (47, 'Riddhi Nair', 'riddhi.nair47@Darshan_AI_Engineer_Ops-solutions.com', '+91-98555-00047', 2, 43, 1561094.0, '2025-10-04', 'Bengaluru', 'Active');
INSERT INTO employees (employee_id, full_name, email, phone, department_id, manager_id, salary, joining_date, location, status) VALUES (48, 'Varun Mehta', 'varun.mehta48@Darshan_AI_Engineer_Ops-solutions.com', '+91-98555-00048', 6, 6, 538890.0, '2024-02-08', 'Mumbai', 'Active');
INSERT INTO employees (employee_id, full_name, email, phone, department_id, manager_id, salary, joining_date, location, status) VALUES (49, 'Tanuja Kumar', 'tanuja.kumar49@Darshan_AI_Engineer_Ops-solutions.com', '+91-98555-00049', 3, 40, 1069605.0, '2025-05-20', 'Delhi NCR', 'Active');
INSERT INTO employees (employee_id, full_name, email, phone, department_id, manager_id, salary, joining_date, location, status) VALUES (50, 'Arjun Singh', 'arjun.singh50@Darshan_AI_Engineer_Ops-solutions.com', '+91-98555-00050', 6, 24, 1095613.0, '2023-03-09', 'Bengaluru', 'Active');

-- 3. Users
INSERT INTO users (user_id, employee_id, username, password_hash, role, is_active) VALUES (1, 1, 'devendra.rao', '$2b$12$K35u/W93mGf8gE4vLpQ.Oe8tQv8eX.xR0n2r3D4e5f6g7h8i9j1k2', 'Admin', TRUE);
INSERT INTO users (user_id, employee_id, username, password_hash, role, is_active) VALUES (2, 2, 'neha.gupta', '$2b$12$K35u/W93mGf8gE4vLpQ.Oe8tQv8eX.xR0n2r3D4e5f6g7h8i9j1k2', 'Manager', TRUE);
INSERT INTO users (user_id, employee_id, username, password_hash, role, is_active) VALUES (3, 3, 'ananya.sharma', '$2b$12$K35u/W93mGf8gE4vLpQ.Oe8tQv8eX.xR0n2r3D4e5f6g7h8i9j1k2', 'Manager', TRUE);
INSERT INTO users (user_id, employee_id, username, password_hash, role, is_active) VALUES (4, 4, 'vikram.sen', '$2b$12$K35u/W93mGf8gE4vLpQ.Oe8tQv8eX.xR0n2r3D4e5f6g7h8i9j1k2', 'Manager', TRUE);
INSERT INTO users (user_id, employee_id, username, password_hash, role, is_active) VALUES (5, 5, 'sarah.jenkins', '$2b$12$K35u/W93mGf8gE4vLpQ.Oe8tQv8eX.xR0n2r3D4e5f6g7h8i9j1k2', 'Manager', TRUE);
INSERT INTO users (user_id, employee_id, username, password_hash, role, is_active) VALUES (6, 6, 'meera.nair', '$2b$12$K35u/W93mGf8gE4vLpQ.Oe8tQv8eX.xR0n2r3D4e5f6g7h8i9j1k2', 'Manager', TRUE);
INSERT INTO users (user_id, employee_id, username, password_hash, role, is_active) VALUES (7, 7, 'neha.nair7', '$2b$12$K35u/W93mGf8gE4vLpQ.Oe8tQv8eX.xR0n2r3D4e5f6g7h8i9j1k2', 'User', FALSE);
INSERT INTO users (user_id, employee_id, username, password_hash, role, is_active) VALUES (8, 8, 'sanjay.mehta8', '$2b$12$K35u/W93mGf8gE4vLpQ.Oe8tQv8eX.xR0n2r3D4e5f6g7h8i9j1k2', 'User', FALSE);
INSERT INTO users (user_id, employee_id, username, password_hash, role, is_active) VALUES (9, 9, 'deepika.kumar9', '$2b$12$K35u/W93mGf8gE4vLpQ.Oe8tQv8eX.xR0n2r3D4e5f6g7h8i9j1k2', 'User', FALSE);
INSERT INTO users (user_id, employee_id, username, password_hash, role, is_active) VALUES (10, 10, 'karan.singh10', '$2b$12$K35u/W93mGf8gE4vLpQ.Oe8tQv8eX.xR0n2r3D4e5f6g7h8i9j1k2', 'User', FALSE);
INSERT INTO users (user_id, employee_id, username, password_hash, role, is_active) VALUES (11, 11, 'kavita.reddy11', '$2b$12$K35u/W93mGf8gE4vLpQ.Oe8tQv8eX.xR0n2r3D4e5f6g7h8i9j1k2', 'User', TRUE);
INSERT INTO users (user_id, employee_id, username, password_hash, role, is_active) VALUES (12, 12, 'amit.choudhury12', '$2b$12$K35u/W93mGf8gE4vLpQ.Oe8tQv8eX.xR0n2r3D4e5f6g7h8i9j1k2', 'User', TRUE);
INSERT INTO users (user_id, employee_id, username, password_hash, role, is_active) VALUES (13, 13, 'priya.das13', '$2b$12$K35u/W93mGf8gE4vLpQ.Oe8tQv8eX.xR0n2r3D4e5f6g7h8i9j1k2', 'User', TRUE);
INSERT INTO users (user_id, employee_id, username, password_hash, role, is_active) VALUES (14, 14, 'rajesh.bose14', '$2b$12$K35u/W93mGf8gE4vLpQ.Oe8tQv8eX.xR0n2r3D4e5f6g7h8i9j1k2', 'User', TRUE);
INSERT INTO users (user_id, employee_id, username, password_hash, role, is_active) VALUES (15, 15, 'swati.mishra15', '$2b$12$K35u/W93mGf8gE4vLpQ.Oe8tQv8eX.xR0n2r3D4e5f6g7h8i9j1k2', 'User', TRUE);
INSERT INTO users (user_id, employee_id, username, password_hash, role, is_active) VALUES (16, 16, 'devendra.pillai16', '$2b$12$K35u/W93mGf8gE4vLpQ.Oe8tQv8eX.xR0n2r3D4e5f6g7h8i9j1k2', 'User', TRUE);
INSERT INTO users (user_id, employee_id, username, password_hash, role, is_active) VALUES (17, 17, 'meera.deshmukh17', '$2b$12$K35u/W93mGf8gE4vLpQ.Oe8tQv8eX.xR0n2r3D4e5f6g7h8i9j1k2', 'User', FALSE);
INSERT INTO users (user_id, employee_id, username, password_hash, role, is_active) VALUES (18, 18, 'vijay.nair18', '$2b$12$K35u/W93mGf8gE4vLpQ.Oe8tQv8eX.xR0n2r3D4e5f6g7h8i9j1k2', 'User', TRUE);
INSERT INTO users (user_id, employee_id, username, password_hash, role, is_active) VALUES (19, 19, 'shalini.iyer19', '$2b$12$K35u/W93mGf8gE4vLpQ.Oe8tQv8eX.xR0n2r3D4e5f6g7h8i9j1k2', 'User', FALSE);
INSERT INTO users (user_id, employee_id, username, password_hash, role, is_active) VALUES (20, 20, 'pranav.pandey20', '$2b$12$K35u/W93mGf8gE4vLpQ.Oe8tQv8eX.xR0n2r3D4e5f6g7h8i9j1k2', 'User', TRUE);

-- 4. Customers
INSERT INTO customers (customer_id, company_name, contact_name, email, phone, country, industry) VALUES (1, 'Nexus Telecom Inc - 1', 'Aarti Mehta', 'contact@nexustelecominc1.com', '+91-98100-00001', 'United States', 'Manufacturing');
INSERT INTO customers (customer_id, company_name, contact_name, email, phone, country, industry) VALUES (2, 'Fusion BioTech Pvt Ltd - 2', 'Suresh Das', 'contact@fusionbiotechpvtltd2.com', '+1-555-102-0002', 'Australia', 'Logistics');
INSERT INTO customers (customer_id, company_name, contact_name, email, phone, country, industry) VALUES (3, 'Pacific Trading Pvt Ltd - 3', 'Suresh Dave', 'contact@pacifictradingpvtltd3.com', '+91-98100-00003', 'Canada', 'Retail');
INSERT INTO customers (customer_id, company_name, contact_name, email, phone, country, industry) VALUES (4, 'Omega Agri Inc - 4', 'Swati Singh', 'contact@omegaagriinc4.com', '+1-555-104-0004', 'Canada', 'E-Commerce');
INSERT INTO customers (customer_id, company_name, contact_name, email, phone, country, industry) VALUES (5, 'Vanguard Realty Ltd - 5', 'Aditi Reddy', 'contact@vanguardrealtyltd5.com', '+91-98100-00005', 'Australia', 'EduTech');
INSERT INTO customers (customer_id, company_name, contact_name, email, phone, country, industry) VALUES (6, 'Terra Farms Ltd - 6', 'Nitin Mishra', 'contact@terrafarmsltd6.com', '+1-555-106-0006', 'Singapore', 'E-Commerce');
INSERT INTO customers (customer_id, company_name, contact_name, email, phone, country, industry) VALUES (7, 'Terra Farms Pvt Ltd - 7', 'Ankit Gupta', 'contact@terrafarmspvtltd7.com', '+91-98100-00007', 'Canada', 'SaaS');
INSERT INTO customers (customer_id, company_name, contact_name, email, phone, country, industry) VALUES (8, 'Core Manufacturing Inc - 8', 'Komal Roy', 'contact@coremanufacturinginc8.com', '+1-555-108-0008', 'Singapore', 'Logistics');
INSERT INTO customers (customer_id, company_name, contact_name, email, phone, country, industry) VALUES (9, 'Core Manufacturing Pvt Ltd - 9', 'Nitin Choudhury', 'contact@coremanufacturingpvtltd9.com', '+91-98100-00009', 'United Kingdom', 'EduTech');
INSERT INTO customers (customer_id, company_name, contact_name, email, phone, country, industry) VALUES (10, 'Delta Energy Pvt Ltd - 10', 'Tanuja Deshmukh', 'contact@deltaenergypvtltd10.com', '+1-555-110-0010', 'Singapore', 'Retail');
INSERT INTO customers (customer_id, company_name, contact_name, email, phone, country, industry) VALUES (11, 'Pacific Trading Corp - 11', 'Aditi Nair', 'contact@pacifictradingcorp11.com', '+91-98100-00011', 'Singapore', 'E-Commerce');
INSERT INTO customers (customer_id, company_name, contact_name, email, phone, country, industry) VALUES (12, 'Nexus Telecom Corp - 12', 'Rohan Rao', 'contact@nexustelecomcorp12.com', '+1-555-112-0012', 'Germany', 'Retail');
INSERT INTO customers (customer_id, company_name, contact_name, email, phone, country, industry) VALUES (13, 'Fusion BioTech Corp - 13', 'Aarti Bhalerao', 'contact@fusionbiotechcorp13.com', '+91-98100-00013', 'Germany', 'Healthcare');
INSERT INTO customers (customer_id, company_name, contact_name, email, phone, country, industry) VALUES (14, 'Gateway Capital Inc - 14', 'Devendra Gupta', 'contact@gatewaycapitalinc14.com', '+1-555-114-0014', 'Australia', 'Retail');
INSERT INTO customers (customer_id, company_name, contact_name, email, phone, country, industry) VALUES (15, 'AeroSpace Tech Inc - 15', 'Ritu Shetty', 'contact@aerospacetechinc15.com', '+91-98100-00015', 'United States', 'EduTech');
INSERT INTO customers (customer_id, company_name, contact_name, email, phone, country, industry) VALUES (16, 'Omega Agri Corp - 16', 'Nitin Nair', 'contact@omegaagricorp16.com', '+1-555-116-0016', 'Australia', 'Manufacturing');
INSERT INTO customers (customer_id, company_name, contact_name, email, phone, country, industry) VALUES (17, 'Libra Commerce Corp - 17', 'Nitin Dubey', 'contact@libracommercecorp17.com', '+91-98100-00017', 'Singapore', 'Retail');
INSERT INTO customers (customer_id, company_name, contact_name, email, phone, country, industry) VALUES (18, 'Quantum Core Corp - 18', 'Jyoti Mehta', 'contact@quantumcorecorp18.com', '+1-555-118-0018', 'India', 'Retail');
INSERT INTO customers (customer_id, company_name, contact_name, email, phone, country, industry) VALUES (19, 'Pacific Trading Ltd - 19', 'Poonam Reddy', 'contact@pacifictradingltd19.com', '+91-98100-00019', 'Germany', 'Manufacturing');
INSERT INTO customers (customer_id, company_name, contact_name, email, phone, country, industry) VALUES (20, 'Gateway Capital Pvt Ltd - 20', 'Shalini Nair', 'contact@gatewaycapitalpvtltd20.com', '+1-555-120-0020', 'India', 'Retail');
INSERT INTO customers (customer_id, company_name, contact_name, email, phone, country, industry) VALUES (21, 'Terra Farms Corp - 21', 'Komal Kapoor', 'contact@terrafarmscorp21.com', '+91-98100-00021', 'United Kingdom', 'Logistics');
INSERT INTO customers (customer_id, company_name, contact_name, email, phone, country, industry) VALUES (22, 'Libra Commerce Ltd - 22', 'Riddhi Singh', 'contact@libracommerceltd22.com', '+1-555-122-0022', 'Australia', 'Healthcare');
INSERT INTO customers (customer_id, company_name, contact_name, email, phone, country, industry) VALUES (23, 'Echo Web Services Corp - 23', 'Pooja Mishra', 'contact@echowebservicescorp23.com', '+91-98100-00023', 'Australia', 'Manufacturing');
INSERT INTO customers (customer_id, company_name, contact_name, email, phone, country, industry) VALUES (24, 'Core Manufacturing Inc - 24', 'Deepika Verma', 'contact@coremanufacturinginc24.com', '+1-555-124-0024', 'United States', 'Logistics');
INSERT INTO customers (customer_id, company_name, contact_name, email, phone, country, industry) VALUES (25, 'Krypton Legal Pvt Ltd - 25', 'Komal Dubey', 'contact@kryptonlegalpvtltd25.com', '+91-98100-00025', 'Australia', 'Logistics');
INSERT INTO customers (customer_id, company_name, contact_name, email, phone, country, industry) VALUES (26, 'Quantum Core Ltd - 26', 'Preeti Vyas', 'contact@quantumcoreltd26.com', '+1-555-126-0026', 'India', 'E-Commerce');
INSERT INTO customers (customer_id, company_name, contact_name, email, phone, country, industry) VALUES (27, 'Orion Cyber Pvt Ltd - 27', 'Varun Rao', 'contact@orioncyberpvtltd27.com', '+91-98100-00027', 'Canada', 'Retail');
INSERT INTO customers (customer_id, company_name, contact_name, email, phone, country, industry) VALUES (28, 'Core Manufacturing Inc - 28', 'Rakesh Naidu', 'contact@coremanufacturinginc28.com', '+1-555-128-0028', 'United Kingdom', 'FinTech');
INSERT INTO customers (customer_id, company_name, contact_name, email, phone, country, industry) VALUES (29, 'Matrix Tech Inc - 29', 'Neha Chatterjee', 'contact@matrixtechinc29.com', '+91-98100-00029', 'India', 'SaaS');
INSERT INTO customers (customer_id, company_name, contact_name, email, phone, country, industry) VALUES (30, 'Pacific Trading Corp - 30', 'Varun Kapoor', 'contact@pacifictradingcorp30.com', '+1-555-130-0030', 'Germany', 'Retail');
INSERT INTO customers (customer_id, company_name, contact_name, email, phone, country, industry) VALUES (31, 'United Logistics Ltd - 31', 'Karan Mahajan', 'contact@unitedlogisticsltd31.com', '+91-98100-00031', 'United Kingdom', 'Manufacturing');
INSERT INTO customers (customer_id, company_name, contact_name, email, phone, country, industry) VALUES (32, 'Saphire Hospitality Inc - 32', 'Alok Deshmukh', 'contact@saphirehospitalityinc32.com', '+1-555-132-0032', 'Canada', 'SaaS');
INSERT INTO customers (customer_id, company_name, contact_name, email, phone, country, industry) VALUES (33, 'Orion Cyber Inc - 33', 'Meera Kapoor', 'contact@orioncyberinc33.com', '+91-98100-00033', 'United States', 'Manufacturing');
INSERT INTO customers (customer_id, company_name, contact_name, email, phone, country, industry) VALUES (34, 'Core Manufacturing Corp - 34', 'Divya Pandey', 'contact@coremanufacturingcorp34.com', '+1-555-134-0034', 'Germany', 'Healthcare');
INSERT INTO customers (customer_id, company_name, contact_name, email, phone, country, industry) VALUES (35, 'BlueWater Logistics Inc - 35', 'Rajesh Soni', 'contact@bluewaterlogisticsinc35.com', '+91-98100-00035', 'Australia', 'E-Commerce');
INSERT INTO customers (customer_id, company_name, contact_name, email, phone, country, industry) VALUES (36, 'Quantum Core Inc - 36', 'Rahul Dubey', 'contact@quantumcoreinc36.com', '+1-555-136-0036', 'United Kingdom', 'EduTech');
INSERT INTO customers (customer_id, company_name, contact_name, email, phone, country, industry) VALUES (37, 'Matrix Tech Ltd - 37', 'Manoj Sen', 'contact@matrixtechltd37.com', '+91-98100-00037', 'India', 'Retail');
INSERT INTO customers (customer_id, company_name, contact_name, email, phone, country, industry) VALUES (38, 'Gateway Capital Pvt Ltd - 38', 'Varun Kaur', 'contact@gatewaycapitalpvtltd38.com', '+1-555-138-0038', 'United Kingdom', 'SaaS');
INSERT INTO customers (customer_id, company_name, contact_name, email, phone, country, industry) VALUES (39, 'AeroSpace Tech Corp - 39', 'Shalini Soni', 'contact@aerospacetechcorp39.com', '+91-98100-00039', 'Canada', 'Retail');
INSERT INTO customers (customer_id, company_name, contact_name, email, phone, country, industry) VALUES (40, 'Matrix Tech Inc - 40', 'Preeti Bose', 'contact@matrixtechinc40.com', '+1-555-140-0040', 'Singapore', 'Retail');
INSERT INTO customers (customer_id, company_name, contact_name, email, phone, country, industry) VALUES (41, 'Krypton Legal Pvt Ltd - 41', 'Ankit Saxena', 'contact@kryptonlegalpvtltd41.com', '+91-98100-00041', 'Australia', 'Retail');
INSERT INTO customers (customer_id, company_name, contact_name, email, phone, country, industry) VALUES (42, 'Redwood Supply Inc - 42', 'Komal Mehta', 'contact@redwoodsupplyinc42.com', '+1-555-142-0042', 'Germany', 'FinTech');
INSERT INTO customers (customer_id, company_name, contact_name, email, phone, country, industry) VALUES (43, 'Zenith Enterprise Ltd - 43', 'Kiran Kaur', 'contact@zenithenterpriseltd43.com', '+91-98100-00043', 'Australia', 'FinTech');
INSERT INTO customers (customer_id, company_name, contact_name, email, phone, country, industry) VALUES (44, 'Apex Retail Ltd - 44', 'Sanjay Chatterjee', 'contact@apexretailltd44.com', '+1-555-144-0044', 'India', 'FinTech');
INSERT INTO customers (customer_id, company_name, contact_name, email, phone, country, industry) VALUES (45, 'Delta Energy Ltd - 45', 'Pranav Das', 'contact@deltaenergyltd45.com', '+91-98100-00045', 'United Kingdom', 'EduTech');
INSERT INTO customers (customer_id, company_name, contact_name, email, phone, country, industry) VALUES (46, 'Elysian SaaS Ltd - 46', 'Meera Dubey', 'contact@elysiansaasltd46.com', '+1-555-146-0046', 'Singapore', 'Healthcare');
INSERT INTO customers (customer_id, company_name, contact_name, email, phone, country, industry) VALUES (47, 'Krypton Legal Pvt Ltd - 47', 'Riddhi Menon', 'contact@kryptonlegalpvtltd47.com', '+91-98100-00047', 'United States', 'EduTech');
INSERT INTO customers (customer_id, company_name, contact_name, email, phone, country, industry) VALUES (48, 'Core Manufacturing Pvt Ltd - 48', 'Tanuja Gupta', 'contact@coremanufacturingpvtltd48.com', '+1-555-148-0048', 'Canada', 'FinTech');
INSERT INTO customers (customer_id, company_name, contact_name, email, phone, country, industry) VALUES (49, 'Core Manufacturing Inc - 49', 'Aditi Kamate', 'contact@coremanufacturinginc49.com', '+91-98100-00049', 'India', 'Logistics');
INSERT INTO customers (customer_id, company_name, contact_name, email, phone, country, industry) VALUES (50, 'BlueWater Logistics Ltd - 50', 'Nitin Nair', 'contact@bluewaterlogisticsltd50.com', '+1-555-150-0050', 'Germany', 'Logistics');
INSERT INTO customers (customer_id, company_name, contact_name, email, phone, country, industry) VALUES (51, 'Insignia Systems Corp - 51', 'Tanuja Banerjee', 'contact@insigniasystemscorp51.com', '+91-98100-00051', 'India', 'Healthcare');
INSERT INTO customers (customer_id, company_name, contact_name, email, phone, country, industry) VALUES (52, 'Saphire Hospitality Inc - 52', 'Shalini Rao', 'contact@saphirehospitalityinc52.com', '+1-555-152-0052', 'Germany', 'FinTech');
INSERT INTO customers (customer_id, company_name, contact_name, email, phone, country, industry) VALUES (53, 'Zenith Enterprise Corp - 53', 'Yogesh Soni', 'contact@zenithenterprisecorp53.com', '+91-98100-00053', 'United Kingdom', 'Logistics');
INSERT INTO customers (customer_id, company_name, contact_name, email, phone, country, industry) VALUES (54, 'Apex Retail Inc - 54', 'Vikram Iyer', 'contact@apexretailinc54.com', '+1-555-154-0054', 'Canada', 'Healthcare');
INSERT INTO customers (customer_id, company_name, contact_name, email, phone, country, industry) VALUES (55, 'Terra Farms Pvt Ltd - 55', 'Suresh Menon', 'contact@terrafarmspvtltd55.com', '+91-98100-00055', 'United Kingdom', 'EduTech');
INSERT INTO customers (customer_id, company_name, contact_name, email, phone, country, industry) VALUES (56, 'Apex Retail Corp - 56', 'Arjun Dubey', 'contact@apexretailcorp56.com', '+1-555-156-0056', 'Canada', 'SaaS');
INSERT INTO customers (customer_id, company_name, contact_name, email, phone, country, industry) VALUES (57, 'Beacon Health Ltd - 57', 'Ritu Chatterjee', 'contact@beaconhealthltd57.com', '+91-98100-00057', 'Australia', 'E-Commerce');
INSERT INTO customers (customer_id, company_name, contact_name, email, phone, country, industry) VALUES (58, 'Horizon Pharma Inc - 58', 'Manish Naidu', 'contact@horizonpharmainc58.com', '+1-555-158-0058', 'Australia', 'Manufacturing');
INSERT INTO customers (customer_id, company_name, contact_name, email, phone, country, industry) VALUES (59, 'Omega Agri Ltd - 59', 'Komal Shetty', 'contact@omegaagriltd59.com', '+91-98100-00059', 'Canada', 'Manufacturing');
INSERT INTO customers (customer_id, company_name, contact_name, email, phone, country, industry) VALUES (60, 'Elysian SaaS Inc - 60', 'Pooja Deshmukh', 'contact@elysiansaasinc60.com', '+1-555-160-0060', 'United Kingdom', 'Logistics');
INSERT INTO customers (customer_id, company_name, contact_name, email, phone, country, industry) VALUES (61, 'Saphire Hospitality Ltd - 61', 'Yogesh Kamate', 'contact@saphirehospitalityltd61.com', '+91-98100-00061', 'Australia', 'Retail');
INSERT INTO customers (customer_id, company_name, contact_name, email, phone, country, industry) VALUES (62, 'Elysian SaaS Pvt Ltd - 62', 'Preeti Pandey', 'contact@elysiansaaspvtltd62.com', '+1-555-162-0062', 'India', 'SaaS');
INSERT INTO customers (customer_id, company_name, contact_name, email, phone, country, industry) VALUES (63, 'Centurion Media Corp - 63', 'Devendra Saxena', 'contact@centurionmediacorp63.com', '+91-98100-00063', 'Singapore', 'Manufacturing');
INSERT INTO customers (customer_id, company_name, contact_name, email, phone, country, industry) VALUES (64, 'Matrix Tech Pvt Ltd - 64', 'Monica Choudhury', 'contact@matrixtechpvtltd64.com', '+1-555-164-0064', 'United States', 'Logistics');
INSERT INTO customers (customer_id, company_name, contact_name, email, phone, country, industry) VALUES (65, 'Redwood Supply Ltd - 65', 'Preeti Dave', 'contact@redwoodsupplyltd65.com', '+91-98100-00065', 'Canada', 'Logistics');
INSERT INTO customers (customer_id, company_name, contact_name, email, phone, country, industry) VALUES (66, 'Quantum Core Ltd - 66', 'Priyanka Kulkarni', 'contact@quantumcoreltd66.com', '+1-555-166-0066', 'United Kingdom', 'FinTech');
INSERT INTO customers (customer_id, company_name, contact_name, email, phone, country, industry) VALUES (67, 'Apex Retail Corp - 67', 'Rajesh Vyas', 'contact@apexretailcorp67.com', '+91-98100-00067', 'Australia', 'Logistics');
INSERT INTO customers (customer_id, company_name, contact_name, email, phone, country, industry) VALUES (68, 'Echo Web Services Corp - 68', 'Sandip Dave', 'contact@echowebservicescorp68.com', '+1-555-168-0068', 'Germany', 'EduTech');
INSERT INTO customers (customer_id, company_name, contact_name, email, phone, country, industry) VALUES (69, 'Horizon Pharma Corp - 69', 'Suresh Chatterjee', 'contact@horizonpharmacorp69.com', '+91-98100-00069', 'Singapore', 'Manufacturing');
INSERT INTO customers (customer_id, company_name, contact_name, email, phone, country, industry) VALUES (70, 'Delta Energy Inc - 70', 'Neha Choudhury', 'contact@deltaenergyinc70.com', '+1-555-170-0070', 'Singapore', 'Healthcare');
INSERT INTO customers (customer_id, company_name, contact_name, email, phone, country, industry) VALUES (71, 'Redwood Supply Inc - 71', 'Amit Das', 'contact@redwoodsupplyinc71.com', '+91-98100-00071', 'Australia', 'SaaS');
INSERT INTO customers (customer_id, company_name, contact_name, email, phone, country, industry) VALUES (72, 'Delta Energy Corp - 72', 'Vikram Choudhury', 'contact@deltaenergycorp72.com', '+1-555-172-0072', 'Singapore', 'Logistics');
INSERT INTO customers (customer_id, company_name, contact_name, email, phone, country, industry) VALUES (73, 'Fusion BioTech Inc - 73', 'Shalini Sharma', 'contact@fusionbiotechinc73.com', '+91-98100-00073', 'Australia', 'E-Commerce');
INSERT INTO customers (customer_id, company_name, contact_name, email, phone, country, industry) VALUES (74, 'Delta Energy Pvt Ltd - 74', 'Ananya Dave', 'contact@deltaenergypvtltd74.com', '+1-555-174-0074', 'Singapore', 'E-Commerce');
INSERT INTO customers (customer_id, company_name, contact_name, email, phone, country, industry) VALUES (75, 'Orion Cyber Ltd - 75', 'Vikram Sharma', 'contact@orioncyberltd75.com', '+91-98100-00075', 'Germany', 'Manufacturing');
INSERT INTO customers (customer_id, company_name, contact_name, email, phone, country, industry) VALUES (76, 'Krypton Legal Ltd - 76', 'Harish Saxena', 'contact@kryptonlegalltd76.com', '+1-555-176-0076', 'India', 'FinTech');
INSERT INTO customers (customer_id, company_name, contact_name, email, phone, country, industry) VALUES (77, 'Delta Energy Ltd - 77', 'Neha Patel', 'contact@deltaenergyltd77.com', '+91-98100-00077', 'United Kingdom', 'SaaS');
INSERT INTO customers (customer_id, company_name, contact_name, email, phone, country, industry) VALUES (78, 'Apex Retail Pvt Ltd - 78', 'Deepika Kumar', 'contact@apexretailpvtltd78.com', '+1-555-178-0078', 'Canada', 'Manufacturing');
INSERT INTO customers (customer_id, company_name, contact_name, email, phone, country, industry) VALUES (79, 'Apex Retail Inc - 79', 'Neha Dave', 'contact@apexretailinc79.com', '+91-98100-00079', 'Canada', 'Retail');
INSERT INTO customers (customer_id, company_name, contact_name, email, phone, country, industry) VALUES (80, 'Omega Agri Inc - 80', 'Tanuja Naidu', 'contact@omegaagriinc80.com', '+1-555-180-0080', 'United Kingdom', 'SaaS');
INSERT INTO customers (customer_id, company_name, contact_name, email, phone, country, industry) VALUES (81, 'Zenith Enterprise Ltd - 81', 'Shalini Dutta', 'contact@zenithenterpriseltd81.com', '+91-98100-00081', 'United Kingdom', 'Manufacturing');
INSERT INTO customers (customer_id, company_name, contact_name, email, phone, country, industry) VALUES (82, 'Nexus Telecom Pvt Ltd - 82', 'Sneha Rao', 'contact@nexustelecompvtltd82.com', '+1-555-182-0082', 'Canada', 'Logistics');
INSERT INTO customers (customer_id, company_name, contact_name, email, phone, country, industry) VALUES (83, 'Orion Cyber Inc - 83', 'Devendra Joshi', 'contact@orioncyberinc83.com', '+91-98100-00083', 'India', 'Logistics');
INSERT INTO customers (customer_id, company_name, contact_name, email, phone, country, industry) VALUES (84, 'Capella Edu Pvt Ltd - 84', 'Karan Sharma', 'contact@capellaedupvtltd84.com', '+1-555-184-0084', 'United Kingdom', 'SaaS');
INSERT INTO customers (customer_id, company_name, contact_name, email, phone, country, industry) VALUES (85, 'Quantum Core Ltd - 85', 'Vijay Gupta', 'contact@quantumcoreltd85.com', '+91-98100-00085', 'India', 'Manufacturing');
INSERT INTO customers (customer_id, company_name, contact_name, email, phone, country, industry) VALUES (86, 'Quantum Core Corp - 86', 'Rakesh Chatterjee', 'contact@quantumcorecorp86.com', '+1-555-186-0086', 'United States', 'Logistics');
INSERT INTO customers (customer_id, company_name, contact_name, email, phone, country, industry) VALUES (87, 'Zenith Enterprise Corp - 87', 'Alok Dutta', 'contact@zenithenterprisecorp87.com', '+91-98100-00087', 'Australia', 'Logistics');
INSERT INTO customers (customer_id, company_name, contact_name, email, phone, country, industry) VALUES (88, 'Horizon Pharma Pvt Ltd - 88', 'Abhishek Bose', 'contact@horizonpharmapvtltd88.com', '+1-555-188-0088', 'Australia', 'E-Commerce');
INSERT INTO customers (customer_id, company_name, contact_name, email, phone, country, industry) VALUES (89, 'Zenith Enterprise Corp - 89', 'Deepika Patel', 'contact@zenithenterprisecorp89.com', '+91-98100-00089', 'United States', 'E-Commerce');
INSERT INTO customers (customer_id, company_name, contact_name, email, phone, country, industry) VALUES (90, 'Terra Farms Corp - 90', 'Gaurav Kaur', 'contact@terrafarmscorp90.com', '+1-555-190-0090', 'Singapore', 'SaaS');
INSERT INTO customers (customer_id, company_name, contact_name, email, phone, country, industry) VALUES (91, 'Beacon Health Ltd - 91', 'Rakesh Iyer', 'contact@beaconhealthltd91.com', '+91-98100-00091', 'Australia', 'Retail');
INSERT INTO customers (customer_id, company_name, contact_name, email, phone, country, industry) VALUES (92, 'Delta Energy Ltd - 92', 'Harish Joshi', 'contact@deltaenergyltd92.com', '+1-555-192-0092', 'Germany', 'FinTech');
INSERT INTO customers (customer_id, company_name, contact_name, email, phone, country, industry) VALUES (93, 'Vanguard Realty Ltd - 93', 'Riddhi Pandey', 'contact@vanguardrealtyltd93.com', '+91-98100-00093', 'Germany', 'Manufacturing');
INSERT INTO customers (customer_id, company_name, contact_name, email, phone, country, industry) VALUES (94, 'AeroSpace Tech Pvt Ltd - 94', 'Rajesh Kaur', 'contact@aerospacetechpvtltd94.com', '+1-555-194-0094', 'Germany', 'FinTech');
INSERT INTO customers (customer_id, company_name, contact_name, email, phone, country, industry) VALUES (95, 'Saphire Hospitality Corp - 95', 'Yogesh Gupta', 'contact@saphirehospitalitycorp95.com', '+91-98100-00095', 'Canada', 'E-Commerce');
INSERT INTO customers (customer_id, company_name, contact_name, email, phone, country, industry) VALUES (96, 'Krypton Legal Ltd - 96', 'Meera Reddy', 'contact@kryptonlegalltd96.com', '+1-555-196-0096', 'Germany', 'Retail');
INSERT INTO customers (customer_id, company_name, contact_name, email, phone, country, industry) VALUES (97, 'Orion Cyber Ltd - 97', 'Pooja Mahajan', 'contact@orioncyberltd97.com', '+91-98100-00097', 'Singapore', 'Retail');
INSERT INTO customers (customer_id, company_name, contact_name, email, phone, country, industry) VALUES (98, 'Elysian SaaS Corp - 98', 'Nitin Rao', 'contact@elysiansaascorp98.com', '+1-555-198-0098', 'Canada', 'E-Commerce');
INSERT INTO customers (customer_id, company_name, contact_name, email, phone, country, industry) VALUES (99, 'Elysian SaaS Ltd - 99', 'Rakesh Kulkarni', 'contact@elysiansaasltd99.com', '+91-98100-00099', 'Singapore', 'Retail');
INSERT INTO customers (customer_id, company_name, contact_name, email, phone, country, industry) VALUES (100, 'United Logistics Pvt Ltd - 100', 'Komal Joshi', 'contact@unitedlogisticspvtltd100.com', '+1-555-200-0100', 'Singapore', 'Manufacturing');

-- 5. Products
INSERT INTO products (product_id, name, category, price, supplier, stock) VALUES (1, 'NovaShield Enterprise v1.0', 'On-Premise Software', 28700.0, 'Hardware Vendor 2', 113);
INSERT INTO products (product_id, name, category, price, supplier, stock) VALUES (2, 'NovaData Core v2.0', 'SaaS Subscription', 139600.0, 'Darshan_AI_Engineer_Ops Internal Systems', 999999);
INSERT INTO products (product_id, name, category, price, supplier, stock) VALUES (3, 'NovaQuery Pro v3.0', 'Hardware Node', 89600.0, 'Hardware Vendor 1', 23);
INSERT INTO products (product_id, name, category, price, supplier, stock) VALUES (4, 'NovaVision API v4.0', 'Professional Services', 111100.0, 'Darshan_AI_Engineer_Ops Internal Systems', 999999);
INSERT INTO products (product_id, name, category, price, supplier, stock) VALUES (5, 'NovaLink Router v5.0', 'On-Premise Software', 132500.0, 'Hardware Vendor 3', 137);
INSERT INTO products (product_id, name, category, price, supplier, stock) VALUES (6, 'NovaCloud Platform v6.0', 'Hardware Node', 15500.0, 'Hardware Vendor 1', 62);
INSERT INTO products (product_id, name, category, price, supplier, stock) VALUES (7, 'NovaSearch Engine v7.0', 'On-Premise Software', 117400.0, 'Hardware Vendor 2', 43);
INSERT INTO products (product_id, name, category, price, supplier, stock) VALUES (8, 'NovaML Toolkit v8.0', 'On-Premise Software', 94700.0, 'Hardware Vendor 3', 188);
INSERT INTO products (product_id, name, category, price, supplier, stock) VALUES (9, 'NovaVault Secures v9.0', 'Hardware Node', 29800.0, 'Hardware Vendor 1', 17);
INSERT INTO products (product_id, name, category, price, supplier, stock) VALUES (10, 'NovaCompute Node v10.0', 'Professional Services', 37400.0, 'Darshan_AI_Engineer_Ops Internal Systems', 999999);
INSERT INTO products (product_id, name, category, price, supplier, stock) VALUES (11, 'NovaSync Daemon v11.0', 'On-Premise Software', 117800.0, 'Hardware Vendor 3', 13);
INSERT INTO products (product_id, name, category, price, supplier, stock) VALUES (12, 'NovaFlow Orchestrator v12.0', 'Hardware Node', 24000.0, 'Hardware Vendor 1', 67);
INSERT INTO products (product_id, name, category, price, supplier, stock) VALUES (13, 'NovaGraph Analyzer v13.0', 'SaaS Subscription', 99500.0, 'Darshan_AI_Engineer_Ops Internal Systems', 999999);
INSERT INTO products (product_id, name, category, price, supplier, stock) VALUES (14, 'NovaOps Console v14.0', 'SaaS Subscription', 137600.0, 'Darshan_AI_Engineer_Ops Internal Systems', 999999);
INSERT INTO products (product_id, name, category, price, supplier, stock) VALUES (15, 'NovaEdge Gateway v15.0', 'Professional Services', 107000.0, 'Darshan_AI_Engineer_Ops Internal Systems', 999999);
INSERT INTO products (product_id, name, category, price, supplier, stock) VALUES (16, 'NovaShield Enterprise v16.0', 'On-Premise Software', 109200.0, 'Hardware Vendor 2', 190);
INSERT INTO products (product_id, name, category, price, supplier, stock) VALUES (17, 'NovaData Core v17.0', 'On-Premise Software', 90000.0, 'Hardware Vendor 3', 133);
INSERT INTO products (product_id, name, category, price, supplier, stock) VALUES (18, 'NovaQuery Pro v18.0', 'Hardware Node', 54900.0, 'Hardware Vendor 1', 126);
INSERT INTO products (product_id, name, category, price, supplier, stock) VALUES (19, 'NovaVision API v19.0', 'Professional Services', 83500.0, 'Darshan_AI_Engineer_Ops Internal Systems', 999999);
INSERT INTO products (product_id, name, category, price, supplier, stock) VALUES (20, 'NovaLink Router v20.0', 'Professional Services', 127700.0, 'Darshan_AI_Engineer_Ops Internal Systems', 999999);
INSERT INTO products (product_id, name, category, price, supplier, stock) VALUES (21, 'NovaCloud Platform v21.0', 'Professional Services', 19200.0, 'Darshan_AI_Engineer_Ops Internal Systems', 999999);
INSERT INTO products (product_id, name, category, price, supplier, stock) VALUES (22, 'NovaSearch Engine v22.0', 'On-Premise Software', 89900.0, 'Hardware Vendor 2', 97);
INSERT INTO products (product_id, name, category, price, supplier, stock) VALUES (23, 'NovaML Toolkit v23.0', 'On-Premise Software', 5500.0, 'Hardware Vendor 3', 82);
INSERT INTO products (product_id, name, category, price, supplier, stock) VALUES (24, 'NovaVault Secures v24.0', 'On-Premise Software', 125200.0, 'Hardware Vendor 1', 158);
INSERT INTO products (product_id, name, category, price, supplier, stock) VALUES (25, 'NovaCompute Node v25.0', 'Hardware Node', 35400.0, 'Hardware Vendor 2', 124);
INSERT INTO products (product_id, name, category, price, supplier, stock) VALUES (26, 'NovaSync Daemon v26.0', 'Hardware Node', 75600.0, 'Hardware Vendor 3', 95);
INSERT INTO products (product_id, name, category, price, supplier, stock) VALUES (27, 'NovaFlow Orchestrator v27.0', 'Hardware Node', 98200.0, 'Hardware Vendor 1', 92);
INSERT INTO products (product_id, name, category, price, supplier, stock) VALUES (28, 'NovaGraph Analyzer v28.0', 'Professional Services', 147800.0, 'Darshan_AI_Engineer_Ops Internal Systems', 999999);
INSERT INTO products (product_id, name, category, price, supplier, stock) VALUES (29, 'NovaOps Console v29.0', 'Professional Services', 122100.0, 'Darshan_AI_Engineer_Ops Internal Systems', 999999);
INSERT INTO products (product_id, name, category, price, supplier, stock) VALUES (30, 'NovaEdge Gateway v30.0', 'Hardware Node', 52800.0, 'Hardware Vendor 1', 115);
INSERT INTO products (product_id, name, category, price, supplier, stock) VALUES (31, 'NovaShield Enterprise v31.0', 'SaaS Subscription', 70100.0, 'Darshan_AI_Engineer_Ops Internal Systems', 999999);
INSERT INTO products (product_id, name, category, price, supplier, stock) VALUES (32, 'NovaData Core v32.0', 'Hardware Node', 149400.0, 'Hardware Vendor 3', 107);
INSERT INTO products (product_id, name, category, price, supplier, stock) VALUES (33, 'NovaQuery Pro v33.0', 'Hardware Node', 140900.0, 'Hardware Vendor 1', 176);
INSERT INTO products (product_id, name, category, price, supplier, stock) VALUES (34, 'NovaVision API v34.0', 'Professional Services', 106400.0, 'Darshan_AI_Engineer_Ops Internal Systems', 999999);
INSERT INTO products (product_id, name, category, price, supplier, stock) VALUES (35, 'NovaLink Router v35.0', 'SaaS Subscription', 30800.0, 'Darshan_AI_Engineer_Ops Internal Systems', 999999);
INSERT INTO products (product_id, name, category, price, supplier, stock) VALUES (36, 'NovaCloud Platform v36.0', 'On-Premise Software', 25500.0, 'Hardware Vendor 1', 122);
INSERT INTO products (product_id, name, category, price, supplier, stock) VALUES (37, 'NovaSearch Engine v37.0', 'SaaS Subscription', 112700.0, 'Darshan_AI_Engineer_Ops Internal Systems', 999999);
INSERT INTO products (product_id, name, category, price, supplier, stock) VALUES (38, 'NovaML Toolkit v38.0', 'Hardware Node', 8100.0, 'Hardware Vendor 3', 194);
INSERT INTO products (product_id, name, category, price, supplier, stock) VALUES (39, 'NovaVault Secures v39.0', 'Professional Services', 88900.0, 'Darshan_AI_Engineer_Ops Internal Systems', 999999);
INSERT INTO products (product_id, name, category, price, supplier, stock) VALUES (40, 'NovaCompute Node v40.0', 'Professional Services', 20300.0, 'Darshan_AI_Engineer_Ops Internal Systems', 999999);

-- 6. Inventory
INSERT INTO inventory (inventory_id, product_id, warehouse_location, quantity_on_hand, safety_stock, reorder_point, last_restocked) VALUES (1, 1, 'WH-Mumbai-2', 113, 15, 20, '2026-06-20');
INSERT INTO inventory (inventory_id, product_id, warehouse_location, quantity_on_hand, safety_stock, reorder_point, last_restocked) VALUES (2, 2, 'WH-Cloud-Central', 999999, 0, 0, '2026-11-03');
INSERT INTO inventory (inventory_id, product_id, warehouse_location, quantity_on_hand, safety_stock, reorder_point, last_restocked) VALUES (3, 3, 'WH-Mumbai-2', 23, 15, 20, '2026-06-21');
INSERT INTO inventory (inventory_id, product_id, warehouse_location, quantity_on_hand, safety_stock, reorder_point, last_restocked) VALUES (4, 4, 'WH-Cloud-Central', 999999, 0, 0, '2026-09-02');
INSERT INTO inventory (inventory_id, product_id, warehouse_location, quantity_on_hand, safety_stock, reorder_point, last_restocked) VALUES (5, 5, 'WH-Bengaluru-1', 137, 15, 20, '2025-11-22');
INSERT INTO inventory (inventory_id, product_id, warehouse_location, quantity_on_hand, safety_stock, reorder_point, last_restocked) VALUES (6, 6, 'WH-Mumbai-2', 62, 15, 20, '2025-12-03');
INSERT INTO inventory (inventory_id, product_id, warehouse_location, quantity_on_hand, safety_stock, reorder_point, last_restocked) VALUES (7, 7, 'WH-Mumbai-2', 43, 15, 20, '2025-11-23');
INSERT INTO inventory (inventory_id, product_id, warehouse_location, quantity_on_hand, safety_stock, reorder_point, last_restocked) VALUES (8, 8, 'WH-Bengaluru-1', 188, 15, 20, '2026-03-23');
INSERT INTO inventory (inventory_id, product_id, warehouse_location, quantity_on_hand, safety_stock, reorder_point, last_restocked) VALUES (9, 9, 'WH-Mumbai-2', 17, 15, 20, '2025-01-11');
INSERT INTO inventory (inventory_id, product_id, warehouse_location, quantity_on_hand, safety_stock, reorder_point, last_restocked) VALUES (10, 10, 'WH-Cloud-Central', 999999, 0, 0, '2025-05-12');
INSERT INTO inventory (inventory_id, product_id, warehouse_location, quantity_on_hand, safety_stock, reorder_point, last_restocked) VALUES (11, 11, 'WH-Mumbai-2', 13, 15, 20, '2026-03-08');
INSERT INTO inventory (inventory_id, product_id, warehouse_location, quantity_on_hand, safety_stock, reorder_point, last_restocked) VALUES (12, 12, 'WH-Mumbai-2', 67, 15, 20, '2025-03-06');
INSERT INTO inventory (inventory_id, product_id, warehouse_location, quantity_on_hand, safety_stock, reorder_point, last_restocked) VALUES (13, 13, 'WH-Cloud-Central', 999999, 0, 0, '2025-10-28');
INSERT INTO inventory (inventory_id, product_id, warehouse_location, quantity_on_hand, safety_stock, reorder_point, last_restocked) VALUES (14, 14, 'WH-Cloud-Central', 999999, 0, 0, '2026-10-22');
INSERT INTO inventory (inventory_id, product_id, warehouse_location, quantity_on_hand, safety_stock, reorder_point, last_restocked) VALUES (15, 15, 'WH-Cloud-Central', 999999, 0, 0, '2025-08-19');
INSERT INTO inventory (inventory_id, product_id, warehouse_location, quantity_on_hand, safety_stock, reorder_point, last_restocked) VALUES (16, 16, 'WH-Bengaluru-1', 190, 15, 20, '2025-08-21');
INSERT INTO inventory (inventory_id, product_id, warehouse_location, quantity_on_hand, safety_stock, reorder_point, last_restocked) VALUES (17, 17, 'WH-Mumbai-2', 133, 15, 20, '2026-05-22');
INSERT INTO inventory (inventory_id, product_id, warehouse_location, quantity_on_hand, safety_stock, reorder_point, last_restocked) VALUES (18, 18, 'WH-Bengaluru-1', 126, 15, 20, '2026-05-22');
INSERT INTO inventory (inventory_id, product_id, warehouse_location, quantity_on_hand, safety_stock, reorder_point, last_restocked) VALUES (19, 19, 'WH-Cloud-Central', 999999, 0, 0, '2025-02-15');
INSERT INTO inventory (inventory_id, product_id, warehouse_location, quantity_on_hand, safety_stock, reorder_point, last_restocked) VALUES (20, 20, 'WH-Cloud-Central', 999999, 0, 0, '2026-10-10');
INSERT INTO inventory (inventory_id, product_id, warehouse_location, quantity_on_hand, safety_stock, reorder_point, last_restocked) VALUES (21, 21, 'WH-Cloud-Central', 999999, 0, 0, '2026-12-09');
INSERT INTO inventory (inventory_id, product_id, warehouse_location, quantity_on_hand, safety_stock, reorder_point, last_restocked) VALUES (22, 22, 'WH-Mumbai-2', 97, 15, 20, '2026-04-13');
INSERT INTO inventory (inventory_id, product_id, warehouse_location, quantity_on_hand, safety_stock, reorder_point, last_restocked) VALUES (23, 23, 'WH-Mumbai-2', 82, 15, 20, '2025-04-13');
INSERT INTO inventory (inventory_id, product_id, warehouse_location, quantity_on_hand, safety_stock, reorder_point, last_restocked) VALUES (24, 24, 'WH-Mumbai-2', 158, 15, 20, '2026-12-10');
INSERT INTO inventory (inventory_id, product_id, warehouse_location, quantity_on_hand, safety_stock, reorder_point, last_restocked) VALUES (25, 25, 'WH-Bengaluru-1', 124, 15, 20, '2026-05-01');
INSERT INTO inventory (inventory_id, product_id, warehouse_location, quantity_on_hand, safety_stock, reorder_point, last_restocked) VALUES (26, 26, 'WH-Bengaluru-1', 95, 15, 20, '2026-05-25');
INSERT INTO inventory (inventory_id, product_id, warehouse_location, quantity_on_hand, safety_stock, reorder_point, last_restocked) VALUES (27, 27, 'WH-Bengaluru-1', 92, 15, 20, '2026-04-21');
INSERT INTO inventory (inventory_id, product_id, warehouse_location, quantity_on_hand, safety_stock, reorder_point, last_restocked) VALUES (28, 28, 'WH-Cloud-Central', 999999, 0, 0, '2025-10-09');
INSERT INTO inventory (inventory_id, product_id, warehouse_location, quantity_on_hand, safety_stock, reorder_point, last_restocked) VALUES (29, 29, 'WH-Cloud-Central', 999999, 0, 0, '2025-11-04');
INSERT INTO inventory (inventory_id, product_id, warehouse_location, quantity_on_hand, safety_stock, reorder_point, last_restocked) VALUES (30, 30, 'WH-Bengaluru-1', 115, 15, 20, '2026-08-02');
INSERT INTO inventory (inventory_id, product_id, warehouse_location, quantity_on_hand, safety_stock, reorder_point, last_restocked) VALUES (31, 31, 'WH-Cloud-Central', 999999, 0, 0, '2026-12-05');
INSERT INTO inventory (inventory_id, product_id, warehouse_location, quantity_on_hand, safety_stock, reorder_point, last_restocked) VALUES (32, 32, 'WH-Bengaluru-1', 107, 15, 20, '2026-06-24');
INSERT INTO inventory (inventory_id, product_id, warehouse_location, quantity_on_hand, safety_stock, reorder_point, last_restocked) VALUES (33, 33, 'WH-Mumbai-2', 176, 15, 20, '2025-04-05');
INSERT INTO inventory (inventory_id, product_id, warehouse_location, quantity_on_hand, safety_stock, reorder_point, last_restocked) VALUES (34, 34, 'WH-Cloud-Central', 999999, 0, 0, '2026-09-17');
INSERT INTO inventory (inventory_id, product_id, warehouse_location, quantity_on_hand, safety_stock, reorder_point, last_restocked) VALUES (35, 35, 'WH-Cloud-Central', 999999, 0, 0, '2026-03-09');
INSERT INTO inventory (inventory_id, product_id, warehouse_location, quantity_on_hand, safety_stock, reorder_point, last_restocked) VALUES (36, 36, 'WH-Mumbai-2', 122, 15, 20, '2026-12-28');
INSERT INTO inventory (inventory_id, product_id, warehouse_location, quantity_on_hand, safety_stock, reorder_point, last_restocked) VALUES (37, 37, 'WH-Cloud-Central', 999999, 0, 0, '2026-02-15');
INSERT INTO inventory (inventory_id, product_id, warehouse_location, quantity_on_hand, safety_stock, reorder_point, last_restocked) VALUES (38, 38, 'WH-Bengaluru-1', 194, 15, 20, '2025-04-28');
INSERT INTO inventory (inventory_id, product_id, warehouse_location, quantity_on_hand, safety_stock, reorder_point, last_restocked) VALUES (39, 39, 'WH-Cloud-Central', 999999, 0, 0, '2026-09-12');
INSERT INTO inventory (inventory_id, product_id, warehouse_location, quantity_on_hand, safety_stock, reorder_point, last_restocked) VALUES (40, 40, 'WH-Cloud-Central', 999999, 0, 0, '2025-07-01');

-- 7. Orders
INSERT INTO orders (order_id, customer_id, product_id, quantity, price, discount, status, order_date) VALUES (1, 34, 35, 2, 30800.0, 0.05, 'Delivered', '2026-12-22');
INSERT INTO orders (order_id, customer_id, product_id, quantity, price, discount, status, order_date) VALUES (2, 34, 38, 7, 8100.0, 0.2, 'Cancelled', '2025-02-22');
INSERT INTO orders (order_id, customer_id, product_id, quantity, price, discount, status, order_date) VALUES (3, 30, 31, 1, 70100.0, 0.1, 'Pending', '2025-10-08');
INSERT INTO orders (order_id, customer_id, product_id, quantity, price, discount, status, order_date) VALUES (4, 83, 5, 8, 132500.0, 0.15, 'Delivered', '2026-07-04');
INSERT INTO orders (order_id, customer_id, product_id, quantity, price, discount, status, order_date) VALUES (5, 18, 3, 1, 89600.0, 0.0, 'Shipped', '2024-02-08');
INSERT INTO orders (order_id, customer_id, product_id, quantity, price, discount, status, order_date) VALUES (6, 69, 9, 7, 29800.0, 0.05, 'Delivered', '2026-12-23');
INSERT INTO orders (order_id, customer_id, product_id, quantity, price, discount, status, order_date) VALUES (7, 70, 27, 10, 98200.0, 0.15, 'Cancelled', '2024-07-21');
INSERT INTO orders (order_id, customer_id, product_id, quantity, price, discount, status, order_date) VALUES (8, 13, 32, 10, 149400.0, 0.05, 'Delivered', '2024-12-12');
INSERT INTO orders (order_id, customer_id, product_id, quantity, price, discount, status, order_date) VALUES (9, 28, 29, 8, 122100.0, 0.0, 'Delivered', '2024-11-12');
INSERT INTO orders (order_id, customer_id, product_id, quantity, price, discount, status, order_date) VALUES (10, 70, 23, 1, 5500.0, 0.05, 'Delivered', '2024-02-28');
INSERT INTO orders (order_id, customer_id, product_id, quantity, price, discount, status, order_date) VALUES (11, 59, 6, 4, 15500.0, 0.15, 'Cancelled', '2026-01-02');
INSERT INTO orders (order_id, customer_id, product_id, quantity, price, discount, status, order_date) VALUES (12, 43, 16, 3, 109200.0, 0.2, 'Pending', '2024-02-27');
INSERT INTO orders (order_id, customer_id, product_id, quantity, price, discount, status, order_date) VALUES (13, 98, 36, 4, 25500.0, 0.1, 'Delivered', '2024-06-25');
INSERT INTO orders (order_id, customer_id, product_id, quantity, price, discount, status, order_date) VALUES (14, 19, 39, 1, 88900.0, 0.0, 'Delivered', '2024-09-09');
INSERT INTO orders (order_id, customer_id, product_id, quantity, price, discount, status, order_date) VALUES (15, 23, 8, 1, 94700.0, 0.0, 'Delivered', '2025-04-19');
INSERT INTO orders (order_id, customer_id, product_id, quantity, price, discount, status, order_date) VALUES (16, 42, 2, 3, 139600.0, 0.0, 'Delivered', '2024-12-14');
INSERT INTO orders (order_id, customer_id, product_id, quantity, price, discount, status, order_date) VALUES (17, 68, 8, 2, 94700.0, 0.05, 'Shipped', '2025-09-19');
INSERT INTO orders (order_id, customer_id, product_id, quantity, price, discount, status, order_date) VALUES (18, 14, 29, 9, 122100.0, 0.0, 'Pending', '2024-12-26');
INSERT INTO orders (order_id, customer_id, product_id, quantity, price, discount, status, order_date) VALUES (19, 85, 34, 5, 106400.0, 0.05, 'Cancelled', '2024-01-16');
INSERT INTO orders (order_id, customer_id, product_id, quantity, price, discount, status, order_date) VALUES (20, 52, 28, 2, 147800.0, 0.05, 'Cancelled', '2025-02-03');
INSERT INTO orders (order_id, customer_id, product_id, quantity, price, discount, status, order_date) VALUES (21, 42, 39, 3, 88900.0, 0.0, 'Delivered', '2025-10-21');
INSERT INTO orders (order_id, customer_id, product_id, quantity, price, discount, status, order_date) VALUES (22, 75, 36, 6, 25500.0, 0.05, 'Pending', '2026-05-15');
INSERT INTO orders (order_id, customer_id, product_id, quantity, price, discount, status, order_date) VALUES (23, 65, 39, 7, 88900.0, 0.0, 'Cancelled', '2024-11-21');
INSERT INTO orders (order_id, customer_id, product_id, quantity, price, discount, status, order_date) VALUES (24, 99, 36, 4, 25500.0, 0.05, 'Shipped', '2024-07-11');
INSERT INTO orders (order_id, customer_id, product_id, quantity, price, discount, status, order_date) VALUES (25, 59, 26, 7, 75600.0, 0.15, 'Delivered', '2025-07-11');
INSERT INTO orders (order_id, customer_id, product_id, quantity, price, discount, status, order_date) VALUES (26, 86, 17, 6, 90000.0, 0.0, 'Cancelled', '2025-02-03');
INSERT INTO orders (order_id, customer_id, product_id, quantity, price, discount, status, order_date) VALUES (27, 11, 6, 7, 15500.0, 0.0, 'Cancelled', '2026-06-26');
INSERT INTO orders (order_id, customer_id, product_id, quantity, price, discount, status, order_date) VALUES (28, 17, 36, 1, 25500.0, 0.1, 'Pending', '2026-06-22');
INSERT INTO orders (order_id, customer_id, product_id, quantity, price, discount, status, order_date) VALUES (29, 16, 27, 6, 98200.0, 0.2, 'Cancelled', '2025-12-02');
INSERT INTO orders (order_id, customer_id, product_id, quantity, price, discount, status, order_date) VALUES (30, 37, 39, 5, 88900.0, 0.0, 'Delivered', '2026-09-07');
INSERT INTO orders (order_id, customer_id, product_id, quantity, price, discount, status, order_date) VALUES (31, 20, 31, 4, 70100.0, 0.2, 'Delivered', '2025-09-12');
INSERT INTO orders (order_id, customer_id, product_id, quantity, price, discount, status, order_date) VALUES (32, 15, 18, 10, 54900.0, 0.0, 'Shipped', '2026-10-20');
INSERT INTO orders (order_id, customer_id, product_id, quantity, price, discount, status, order_date) VALUES (33, 87, 36, 1, 25500.0, 0.1, 'Cancelled', '2026-05-01');
INSERT INTO orders (order_id, customer_id, product_id, quantity, price, discount, status, order_date) VALUES (34, 24, 18, 5, 54900.0, 0.0, 'Delivered', '2024-03-28');
INSERT INTO orders (order_id, customer_id, product_id, quantity, price, discount, status, order_date) VALUES (35, 19, 37, 7, 112700.0, 0.0, 'Delivered', '2026-11-01');
INSERT INTO orders (order_id, customer_id, product_id, quantity, price, discount, status, order_date) VALUES (36, 12, 34, 4, 106400.0, 0.05, 'Shipped', '2025-06-06');
INSERT INTO orders (order_id, customer_id, product_id, quantity, price, discount, status, order_date) VALUES (37, 48, 20, 6, 127700.0, 0.2, 'Pending', '2026-02-02');
INSERT INTO orders (order_id, customer_id, product_id, quantity, price, discount, status, order_date) VALUES (38, 20, 11, 10, 117800.0, 0.0, 'Cancelled', '2024-05-15');
INSERT INTO orders (order_id, customer_id, product_id, quantity, price, discount, status, order_date) VALUES (39, 85, 28, 8, 147800.0, 0.1, 'Shipped', '2025-05-07');
INSERT INTO orders (order_id, customer_id, product_id, quantity, price, discount, status, order_date) VALUES (40, 97, 33, 2, 140900.0, 0.0, 'Shipped', '2024-05-22');
INSERT INTO orders (order_id, customer_id, product_id, quantity, price, discount, status, order_date) VALUES (41, 87, 38, 8, 8100.0, 0.1, 'Cancelled', '2025-01-08');
INSERT INTO orders (order_id, customer_id, product_id, quantity, price, discount, status, order_date) VALUES (42, 51, 39, 1, 88900.0, 0.0, 'Delivered', '2025-04-25');
INSERT INTO orders (order_id, customer_id, product_id, quantity, price, discount, status, order_date) VALUES (43, 18, 17, 5, 90000.0, 0.0, 'Delivered', '2024-08-24');
INSERT INTO orders (order_id, customer_id, product_id, quantity, price, discount, status, order_date) VALUES (44, 56, 12, 3, 24000.0, 0.05, 'Pending', '2026-04-17');
INSERT INTO orders (order_id, customer_id, product_id, quantity, price, discount, status, order_date) VALUES (45, 72, 23, 2, 5500.0, 0.05, 'Cancelled', '2024-07-01');
INSERT INTO orders (order_id, customer_id, product_id, quantity, price, discount, status, order_date) VALUES (46, 59, 5, 6, 132500.0, 0.1, 'Shipped', '2026-07-23');
INSERT INTO orders (order_id, customer_id, product_id, quantity, price, discount, status, order_date) VALUES (47, 82, 27, 5, 98200.0, 0.0, 'Shipped', '2024-06-06');
INSERT INTO orders (order_id, customer_id, product_id, quantity, price, discount, status, order_date) VALUES (48, 80, 30, 6, 52800.0, 0.0, 'Shipped', '2024-04-14');
INSERT INTO orders (order_id, customer_id, product_id, quantity, price, discount, status, order_date) VALUES (49, 76, 26, 9, 75600.0, 0.0, 'Shipped', '2025-12-11');
INSERT INTO orders (order_id, customer_id, product_id, quantity, price, discount, status, order_date) VALUES (50, 29, 22, 3, 89900.0, 0.0, 'Pending', '2026-02-17');
INSERT INTO orders (order_id, customer_id, product_id, quantity, price, discount, status, order_date) VALUES (51, 66, 13, 6, 99500.0, 0.0, 'Cancelled', '2026-03-08');
INSERT INTO orders (order_id, customer_id, product_id, quantity, price, discount, status, order_date) VALUES (52, 14, 10, 5, 37400.0, 0.0, 'Delivered', '2026-03-25');
INSERT INTO orders (order_id, customer_id, product_id, quantity, price, discount, status, order_date) VALUES (53, 98, 5, 3, 132500.0, 0.2, 'Cancelled', '2025-08-25');
INSERT INTO orders (order_id, customer_id, product_id, quantity, price, discount, status, order_date) VALUES (54, 73, 38, 8, 8100.0, 0.15, 'Pending', '2026-11-20');
INSERT INTO orders (order_id, customer_id, product_id, quantity, price, discount, status, order_date) VALUES (55, 42, 21, 3, 19200.0, 0.05, 'Delivered', '2025-08-21');
INSERT INTO orders (order_id, customer_id, product_id, quantity, price, discount, status, order_date) VALUES (56, 39, 18, 10, 54900.0, 0.0, 'Delivered', '2026-02-10');
INSERT INTO orders (order_id, customer_id, product_id, quantity, price, discount, status, order_date) VALUES (57, 60, 29, 1, 122100.0, 0.0, 'Delivered', '2025-02-21');
INSERT INTO orders (order_id, customer_id, product_id, quantity, price, discount, status, order_date) VALUES (58, 12, 40, 10, 20300.0, 0.1, 'Shipped', '2025-10-18');
INSERT INTO orders (order_id, customer_id, product_id, quantity, price, discount, status, order_date) VALUES (59, 95, 3, 8, 89600.0, 0.2, 'Pending', '2026-04-11');
INSERT INTO orders (order_id, customer_id, product_id, quantity, price, discount, status, order_date) VALUES (60, 78, 31, 9, 70100.0, 0.0, 'Delivered', '2025-02-26');
INSERT INTO orders (order_id, customer_id, product_id, quantity, price, discount, status, order_date) VALUES (61, 44, 6, 9, 15500.0, 0.15, 'Delivered', '2024-04-23');
INSERT INTO orders (order_id, customer_id, product_id, quantity, price, discount, status, order_date) VALUES (62, 57, 29, 9, 122100.0, 0.1, 'Pending', '2024-06-12');
INSERT INTO orders (order_id, customer_id, product_id, quantity, price, discount, status, order_date) VALUES (63, 37, 25, 7, 35400.0, 0.2, 'Delivered', '2026-10-02');
INSERT INTO orders (order_id, customer_id, product_id, quantity, price, discount, status, order_date) VALUES (64, 81, 22, 2, 89900.0, 0.0, 'Delivered', '2026-11-13');
INSERT INTO orders (order_id, customer_id, product_id, quantity, price, discount, status, order_date) VALUES (65, 37, 17, 10, 90000.0, 0.2, 'Delivered', '2025-02-19');
INSERT INTO orders (order_id, customer_id, product_id, quantity, price, discount, status, order_date) VALUES (66, 85, 10, 6, 37400.0, 0.0, 'Cancelled', '2026-11-13');
INSERT INTO orders (order_id, customer_id, product_id, quantity, price, discount, status, order_date) VALUES (67, 17, 39, 2, 88900.0, 0.0, 'Pending', '2025-11-26');
INSERT INTO orders (order_id, customer_id, product_id, quantity, price, discount, status, order_date) VALUES (68, 43, 9, 9, 29800.0, 0.0, 'Cancelled', '2026-07-17');
INSERT INTO orders (order_id, customer_id, product_id, quantity, price, discount, status, order_date) VALUES (69, 47, 2, 6, 139600.0, 0.0, 'Delivered', '2024-06-25');
INSERT INTO orders (order_id, customer_id, product_id, quantity, price, discount, status, order_date) VALUES (70, 63, 13, 4, 99500.0, 0.0, 'Delivered', '2024-05-28');
INSERT INTO orders (order_id, customer_id, product_id, quantity, price, discount, status, order_date) VALUES (71, 13, 33, 9, 140900.0, 0.2, 'Cancelled', '2026-01-22');
INSERT INTO orders (order_id, customer_id, product_id, quantity, price, discount, status, order_date) VALUES (72, 44, 40, 3, 20300.0, 0.1, 'Shipped', '2024-03-06');
INSERT INTO orders (order_id, customer_id, product_id, quantity, price, discount, status, order_date) VALUES (73, 89, 40, 3, 20300.0, 0.15, 'Shipped', '2024-07-12');
INSERT INTO orders (order_id, customer_id, product_id, quantity, price, discount, status, order_date) VALUES (74, 87, 16, 8, 109200.0, 0.1, 'Delivered', '2026-08-08');
INSERT INTO orders (order_id, customer_id, product_id, quantity, price, discount, status, order_date) VALUES (75, 69, 16, 5, 109200.0, 0.2, 'Shipped', '2024-06-22');
INSERT INTO orders (order_id, customer_id, product_id, quantity, price, discount, status, order_date) VALUES (76, 74, 29, 8, 122100.0, 0.2, 'Delivered', '2025-09-17');
INSERT INTO orders (order_id, customer_id, product_id, quantity, price, discount, status, order_date) VALUES (77, 54, 11, 4, 117800.0, 0.2, 'Pending', '2024-05-02');
INSERT INTO orders (order_id, customer_id, product_id, quantity, price, discount, status, order_date) VALUES (78, 83, 31, 6, 70100.0, 0.1, 'Delivered', '2026-09-28');
INSERT INTO orders (order_id, customer_id, product_id, quantity, price, discount, status, order_date) VALUES (79, 16, 19, 2, 83500.0, 0.2, 'Delivered', '2025-08-17');
INSERT INTO orders (order_id, customer_id, product_id, quantity, price, discount, status, order_date) VALUES (80, 19, 28, 2, 147800.0, 0.0, 'Shipped', '2025-01-14');
INSERT INTO orders (order_id, customer_id, product_id, quantity, price, discount, status, order_date) VALUES (81, 7, 26, 9, 75600.0, 0.0, 'Delivered', '2025-02-12');
INSERT INTO orders (order_id, customer_id, product_id, quantity, price, discount, status, order_date) VALUES (82, 29, 2, 6, 139600.0, 0.0, 'Cancelled', '2026-06-26');
INSERT INTO orders (order_id, customer_id, product_id, quantity, price, discount, status, order_date) VALUES (83, 19, 9, 1, 29800.0, 0.0, 'Shipped', '2026-03-25');
INSERT INTO orders (order_id, customer_id, product_id, quantity, price, discount, status, order_date) VALUES (84, 91, 31, 8, 70100.0, 0.1, 'Delivered', '2024-01-09');
INSERT INTO orders (order_id, customer_id, product_id, quantity, price, discount, status, order_date) VALUES (85, 28, 10, 9, 37400.0, 0.15, 'Pending', '2026-07-04');
INSERT INTO orders (order_id, customer_id, product_id, quantity, price, discount, status, order_date) VALUES (86, 100, 19, 4, 83500.0, 0.0, 'Delivered', '2024-04-14');
INSERT INTO orders (order_id, customer_id, product_id, quantity, price, discount, status, order_date) VALUES (87, 82, 40, 8, 20300.0, 0.0, 'Delivered', '2025-10-18');
INSERT INTO orders (order_id, customer_id, product_id, quantity, price, discount, status, order_date) VALUES (88, 3, 33, 10, 140900.0, 0.0, 'Cancelled', '2024-05-14');
INSERT INTO orders (order_id, customer_id, product_id, quantity, price, discount, status, order_date) VALUES (89, 1, 40, 6, 20300.0, 0.0, 'Pending', '2025-03-22');
INSERT INTO orders (order_id, customer_id, product_id, quantity, price, discount, status, order_date) VALUES (90, 86, 6, 9, 15500.0, 0.0, 'Delivered', '2026-09-17');
INSERT INTO orders (order_id, customer_id, product_id, quantity, price, discount, status, order_date) VALUES (91, 65, 36, 1, 25500.0, 0.05, 'Shipped', '2024-11-13');
INSERT INTO orders (order_id, customer_id, product_id, quantity, price, discount, status, order_date) VALUES (92, 48, 17, 1, 90000.0, 0.0, 'Delivered', '2025-04-24');
INSERT INTO orders (order_id, customer_id, product_id, quantity, price, discount, status, order_date) VALUES (93, 85, 7, 10, 117400.0, 0.15, 'Delivered', '2024-01-12');
INSERT INTO orders (order_id, customer_id, product_id, quantity, price, discount, status, order_date) VALUES (94, 70, 22, 3, 89900.0, 0.2, 'Cancelled', '2025-12-16');
INSERT INTO orders (order_id, customer_id, product_id, quantity, price, discount, status, order_date) VALUES (95, 81, 12, 3, 24000.0, 0.0, 'Cancelled', '2025-01-10');
INSERT INTO orders (order_id, customer_id, product_id, quantity, price, discount, status, order_date) VALUES (96, 26, 3, 4, 89600.0, 0.0, 'Delivered', '2025-09-13');
INSERT INTO orders (order_id, customer_id, product_id, quantity, price, discount, status, order_date) VALUES (97, 70, 31, 5, 70100.0, 0.0, 'Cancelled', '2024-05-12');
INSERT INTO orders (order_id, customer_id, product_id, quantity, price, discount, status, order_date) VALUES (98, 100, 4, 6, 111100.0, 0.0, 'Delivered', '2025-07-13');
INSERT INTO orders (order_id, customer_id, product_id, quantity, price, discount, status, order_date) VALUES (99, 96, 29, 7, 122100.0, 0.0, 'Delivered', '2025-12-16');
INSERT INTO orders (order_id, customer_id, product_id, quantity, price, discount, status, order_date) VALUES (100, 48, 34, 5, 106400.0, 0.2, 'Delivered', '2026-07-03');
INSERT INTO orders (order_id, customer_id, product_id, quantity, price, discount, status, order_date) VALUES (101, 56, 39, 3, 88900.0, 0.1, 'Delivered', '2025-02-03');
INSERT INTO orders (order_id, customer_id, product_id, quantity, price, discount, status, order_date) VALUES (102, 42, 19, 5, 83500.0, 0.05, 'Pending', '2026-07-06');
INSERT INTO orders (order_id, customer_id, product_id, quantity, price, discount, status, order_date) VALUES (103, 89, 29, 6, 122100.0, 0.05, 'Delivered', '2026-06-20');
INSERT INTO orders (order_id, customer_id, product_id, quantity, price, discount, status, order_date) VALUES (104, 56, 18, 1, 54900.0, 0.0, 'Cancelled', '2026-07-12');
INSERT INTO orders (order_id, customer_id, product_id, quantity, price, discount, status, order_date) VALUES (105, 66, 11, 1, 117800.0, 0.0, 'Pending', '2026-08-02');
INSERT INTO orders (order_id, customer_id, product_id, quantity, price, discount, status, order_date) VALUES (106, 17, 5, 4, 132500.0, 0.2, 'Cancelled', '2025-06-13');
INSERT INTO orders (order_id, customer_id, product_id, quantity, price, discount, status, order_date) VALUES (107, 73, 3, 10, 89600.0, 0.0, 'Cancelled', '2025-06-12');
INSERT INTO orders (order_id, customer_id, product_id, quantity, price, discount, status, order_date) VALUES (108, 57, 5, 10, 132500.0, 0.0, 'Pending', '2025-07-11');
INSERT INTO orders (order_id, customer_id, product_id, quantity, price, discount, status, order_date) VALUES (109, 84, 18, 4, 54900.0, 0.0, 'Delivered', '2026-03-16');
INSERT INTO orders (order_id, customer_id, product_id, quantity, price, discount, status, order_date) VALUES (110, 67, 25, 9, 35400.0, 0.0, 'Delivered', '2025-12-15');
INSERT INTO orders (order_id, customer_id, product_id, quantity, price, discount, status, order_date) VALUES (111, 28, 40, 5, 20300.0, 0.15, 'Shipped', '2024-02-05');
INSERT INTO orders (order_id, customer_id, product_id, quantity, price, discount, status, order_date) VALUES (112, 10, 29, 3, 122100.0, 0.15, 'Shipped', '2024-11-28');
INSERT INTO orders (order_id, customer_id, product_id, quantity, price, discount, status, order_date) VALUES (113, 41, 23, 2, 5500.0, 0.1, 'Pending', '2025-05-28');
INSERT INTO orders (order_id, customer_id, product_id, quantity, price, discount, status, order_date) VALUES (114, 21, 12, 6, 24000.0, 0.1, 'Delivered', '2024-04-26');
INSERT INTO orders (order_id, customer_id, product_id, quantity, price, discount, status, order_date) VALUES (115, 18, 16, 8, 109200.0, 0.0, 'Delivered', '2026-10-12');
INSERT INTO orders (order_id, customer_id, product_id, quantity, price, discount, status, order_date) VALUES (116, 60, 36, 3, 25500.0, 0.1, 'Delivered', '2024-05-13');
INSERT INTO orders (order_id, customer_id, product_id, quantity, price, discount, status, order_date) VALUES (117, 92, 31, 9, 70100.0, 0.05, 'Shipped', '2026-02-05');
INSERT INTO orders (order_id, customer_id, product_id, quantity, price, discount, status, order_date) VALUES (118, 41, 5, 8, 132500.0, 0.05, 'Cancelled', '2026-06-05');
INSERT INTO orders (order_id, customer_id, product_id, quantity, price, discount, status, order_date) VALUES (119, 100, 36, 10, 25500.0, 0.0, 'Delivered', '2025-09-28');
INSERT INTO orders (order_id, customer_id, product_id, quantity, price, discount, status, order_date) VALUES (120, 8, 8, 9, 94700.0, 0.0, 'Delivered', '2024-03-11');
INSERT INTO orders (order_id, customer_id, product_id, quantity, price, discount, status, order_date) VALUES (121, 91, 15, 6, 107000.0, 0.1, 'Delivered', '2024-05-07');
INSERT INTO orders (order_id, customer_id, product_id, quantity, price, discount, status, order_date) VALUES (122, 82, 36, 5, 25500.0, 0.0, 'Cancelled', '2025-10-18');
INSERT INTO orders (order_id, customer_id, product_id, quantity, price, discount, status, order_date) VALUES (123, 12, 33, 3, 140900.0, 0.1, 'Pending', '2024-03-22');
INSERT INTO orders (order_id, customer_id, product_id, quantity, price, discount, status, order_date) VALUES (124, 80, 39, 6, 88900.0, 0.2, 'Pending', '2024-01-03');
INSERT INTO orders (order_id, customer_id, product_id, quantity, price, discount, status, order_date) VALUES (125, 6, 37, 5, 112700.0, 0.15, 'Delivered', '2026-07-20');
INSERT INTO orders (order_id, customer_id, product_id, quantity, price, discount, status, order_date) VALUES (126, 82, 2, 8, 139600.0, 0.15, 'Pending', '2025-11-10');
INSERT INTO orders (order_id, customer_id, product_id, quantity, price, discount, status, order_date) VALUES (127, 62, 16, 7, 109200.0, 0.0, 'Shipped', '2024-12-02');
INSERT INTO orders (order_id, customer_id, product_id, quantity, price, discount, status, order_date) VALUES (128, 21, 29, 7, 122100.0, 0.05, 'Shipped', '2024-06-20');
INSERT INTO orders (order_id, customer_id, product_id, quantity, price, discount, status, order_date) VALUES (129, 19, 21, 6, 19200.0, 0.15, 'Delivered', '2025-03-25');
INSERT INTO orders (order_id, customer_id, product_id, quantity, price, discount, status, order_date) VALUES (130, 48, 33, 9, 140900.0, 0.0, 'Delivered', '2024-08-04');
INSERT INTO orders (order_id, customer_id, product_id, quantity, price, discount, status, order_date) VALUES (131, 35, 29, 4, 122100.0, 0.0, 'Delivered', '2024-05-13');
INSERT INTO orders (order_id, customer_id, product_id, quantity, price, discount, status, order_date) VALUES (132, 79, 27, 4, 98200.0, 0.2, 'Delivered', '2025-10-24');
INSERT INTO orders (order_id, customer_id, product_id, quantity, price, discount, status, order_date) VALUES (133, 41, 13, 3, 99500.0, 0.05, 'Pending', '2025-08-10');
INSERT INTO orders (order_id, customer_id, product_id, quantity, price, discount, status, order_date) VALUES (134, 64, 2, 2, 139600.0, 0.05, 'Pending', '2025-04-07');
INSERT INTO orders (order_id, customer_id, product_id, quantity, price, discount, status, order_date) VALUES (135, 75, 23, 1, 5500.0, 0.0, 'Delivered', '2025-10-27');
INSERT INTO orders (order_id, customer_id, product_id, quantity, price, discount, status, order_date) VALUES (136, 84, 31, 5, 70100.0, 0.1, 'Delivered', '2024-07-05');
INSERT INTO orders (order_id, customer_id, product_id, quantity, price, discount, status, order_date) VALUES (137, 34, 24, 7, 125200.0, 0.0, 'Delivered', '2025-01-19');
INSERT INTO orders (order_id, customer_id, product_id, quantity, price, discount, status, order_date) VALUES (138, 72, 13, 6, 99500.0, 0.1, 'Delivered', '2024-07-17');
INSERT INTO orders (order_id, customer_id, product_id, quantity, price, discount, status, order_date) VALUES (139, 58, 36, 5, 25500.0, 0.2, 'Pending', '2026-10-04');
INSERT INTO orders (order_id, customer_id, product_id, quantity, price, discount, status, order_date) VALUES (140, 17, 7, 7, 117400.0, 0.0, 'Delivered', '2026-06-25');
INSERT INTO orders (order_id, customer_id, product_id, quantity, price, discount, status, order_date) VALUES (141, 19, 13, 10, 99500.0, 0.1, 'Shipped', '2026-01-02');
INSERT INTO orders (order_id, customer_id, product_id, quantity, price, discount, status, order_date) VALUES (142, 5, 9, 6, 29800.0, 0.2, 'Shipped', '2026-08-05');
INSERT INTO orders (order_id, customer_id, product_id, quantity, price, discount, status, order_date) VALUES (143, 78, 33, 3, 140900.0, 0.0, 'Pending', '2025-03-13');
INSERT INTO orders (order_id, customer_id, product_id, quantity, price, discount, status, order_date) VALUES (144, 79, 20, 10, 127700.0, 0.0, 'Pending', '2026-09-16');
INSERT INTO orders (order_id, customer_id, product_id, quantity, price, discount, status, order_date) VALUES (145, 91, 37, 5, 112700.0, 0.05, 'Delivered', '2025-06-22');
INSERT INTO orders (order_id, customer_id, product_id, quantity, price, discount, status, order_date) VALUES (146, 15, 27, 10, 98200.0, 0.0, 'Cancelled', '2026-11-01');
INSERT INTO orders (order_id, customer_id, product_id, quantity, price, discount, status, order_date) VALUES (147, 77, 31, 5, 70100.0, 0.15, 'Pending', '2026-04-24');
INSERT INTO orders (order_id, customer_id, product_id, quantity, price, discount, status, order_date) VALUES (148, 7, 38, 8, 8100.0, 0.0, 'Pending', '2026-12-20');
INSERT INTO orders (order_id, customer_id, product_id, quantity, price, discount, status, order_date) VALUES (149, 100, 25, 3, 35400.0, 0.2, 'Cancelled', '2024-01-19');
INSERT INTO orders (order_id, customer_id, product_id, quantity, price, discount, status, order_date) VALUES (150, 90, 8, 4, 94700.0, 0.0, 'Shipped', '2025-07-05');
INSERT INTO orders (order_id, customer_id, product_id, quantity, price, discount, status, order_date) VALUES (151, 53, 14, 7, 137600.0, 0.1, 'Pending', '2025-12-24');
INSERT INTO orders (order_id, customer_id, product_id, quantity, price, discount, status, order_date) VALUES (152, 8, 9, 9, 29800.0, 0.0, 'Pending', '2025-11-16');
INSERT INTO orders (order_id, customer_id, product_id, quantity, price, discount, status, order_date) VALUES (153, 68, 25, 6, 35400.0, 0.0, 'Shipped', '2026-06-18');
INSERT INTO orders (order_id, customer_id, product_id, quantity, price, discount, status, order_date) VALUES (154, 46, 17, 10, 90000.0, 0.05, 'Delivered', '2024-05-18');
INSERT INTO orders (order_id, customer_id, product_id, quantity, price, discount, status, order_date) VALUES (155, 39, 15, 5, 107000.0, 0.2, 'Delivered', '2026-04-23');
INSERT INTO orders (order_id, customer_id, product_id, quantity, price, discount, status, order_date) VALUES (156, 91, 32, 6, 149400.0, 0.05, 'Delivered', '2026-12-09');
INSERT INTO orders (order_id, customer_id, product_id, quantity, price, discount, status, order_date) VALUES (157, 37, 8, 10, 94700.0, 0.15, 'Pending', '2025-07-27');
INSERT INTO orders (order_id, customer_id, product_id, quantity, price, discount, status, order_date) VALUES (158, 45, 10, 5, 37400.0, 0.0, 'Delivered', '2026-02-12');
INSERT INTO orders (order_id, customer_id, product_id, quantity, price, discount, status, order_date) VALUES (159, 57, 17, 8, 90000.0, 0.0, 'Delivered', '2026-05-18');
INSERT INTO orders (order_id, customer_id, product_id, quantity, price, discount, status, order_date) VALUES (160, 90, 18, 3, 54900.0, 0.0, 'Pending', '2026-10-08');
INSERT INTO orders (order_id, customer_id, product_id, quantity, price, discount, status, order_date) VALUES (161, 32, 4, 9, 111100.0, 0.0, 'Cancelled', '2024-01-04');
INSERT INTO orders (order_id, customer_id, product_id, quantity, price, discount, status, order_date) VALUES (162, 53, 22, 8, 89900.0, 0.0, 'Cancelled', '2024-01-18');
INSERT INTO orders (order_id, customer_id, product_id, quantity, price, discount, status, order_date) VALUES (163, 21, 27, 8, 98200.0, 0.05, 'Cancelled', '2024-05-11');
INSERT INTO orders (order_id, customer_id, product_id, quantity, price, discount, status, order_date) VALUES (164, 37, 4, 2, 111100.0, 0.15, 'Pending', '2024-09-24');
INSERT INTO orders (order_id, customer_id, product_id, quantity, price, discount, status, order_date) VALUES (165, 93, 3, 3, 89600.0, 0.05, 'Delivered', '2024-07-26');
INSERT INTO orders (order_id, customer_id, product_id, quantity, price, discount, status, order_date) VALUES (166, 64, 12, 5, 24000.0, 0.0, 'Delivered', '2025-10-20');
INSERT INTO orders (order_id, customer_id, product_id, quantity, price, discount, status, order_date) VALUES (167, 14, 22, 5, 89900.0, 0.05, 'Cancelled', '2026-09-16');
INSERT INTO orders (order_id, customer_id, product_id, quantity, price, discount, status, order_date) VALUES (168, 18, 33, 8, 140900.0, 0.0, 'Delivered', '2024-06-06');
INSERT INTO orders (order_id, customer_id, product_id, quantity, price, discount, status, order_date) VALUES (169, 94, 30, 5, 52800.0, 0.15, 'Delivered', '2024-12-11');
INSERT INTO orders (order_id, customer_id, product_id, quantity, price, discount, status, order_date) VALUES (170, 38, 37, 4, 112700.0, 0.0, 'Pending', '2026-07-27');
INSERT INTO orders (order_id, customer_id, product_id, quantity, price, discount, status, order_date) VALUES (171, 55, 33, 6, 140900.0, 0.0, 'Shipped', '2026-02-06');
INSERT INTO orders (order_id, customer_id, product_id, quantity, price, discount, status, order_date) VALUES (172, 18, 31, 6, 70100.0, 0.0, 'Delivered', '2025-07-08');
INSERT INTO orders (order_id, customer_id, product_id, quantity, price, discount, status, order_date) VALUES (173, 58, 18, 6, 54900.0, 0.0, 'Pending', '2026-10-01');
INSERT INTO orders (order_id, customer_id, product_id, quantity, price, discount, status, order_date) VALUES (174, 34, 24, 4, 125200.0, 0.0, 'Cancelled', '2024-08-10');
INSERT INTO orders (order_id, customer_id, product_id, quantity, price, discount, status, order_date) VALUES (175, 21, 26, 9, 75600.0, 0.15, 'Delivered', '2026-02-21');
INSERT INTO orders (order_id, customer_id, product_id, quantity, price, discount, status, order_date) VALUES (176, 38, 24, 10, 125200.0, 0.0, 'Delivered', '2024-08-05');
INSERT INTO orders (order_id, customer_id, product_id, quantity, price, discount, status, order_date) VALUES (177, 59, 39, 6, 88900.0, 0.05, 'Cancelled', '2026-08-25');
INSERT INTO orders (order_id, customer_id, product_id, quantity, price, discount, status, order_date) VALUES (178, 69, 14, 4, 137600.0, 0.15, 'Pending', '2024-09-15');
INSERT INTO orders (order_id, customer_id, product_id, quantity, price, discount, status, order_date) VALUES (179, 68, 24, 2, 125200.0, 0.1, 'Delivered', '2024-09-17');
INSERT INTO orders (order_id, customer_id, product_id, quantity, price, discount, status, order_date) VALUES (180, 26, 37, 9, 112700.0, 0.0, 'Delivered', '2025-09-15');
INSERT INTO orders (order_id, customer_id, product_id, quantity, price, discount, status, order_date) VALUES (181, 15, 14, 10, 137600.0, 0.05, 'Delivered', '2026-08-26');
INSERT INTO orders (order_id, customer_id, product_id, quantity, price, discount, status, order_date) VALUES (182, 8, 30, 3, 52800.0, 0.1, 'Shipped', '2025-10-02');
INSERT INTO orders (order_id, customer_id, product_id, quantity, price, discount, status, order_date) VALUES (183, 72, 30, 5, 52800.0, 0.15, 'Delivered', '2025-05-27');
INSERT INTO orders (order_id, customer_id, product_id, quantity, price, discount, status, order_date) VALUES (184, 1, 14, 10, 137600.0, 0.0, 'Delivered', '2025-06-23');
INSERT INTO orders (order_id, customer_id, product_id, quantity, price, discount, status, order_date) VALUES (185, 9, 35, 1, 30800.0, 0.0, 'Shipped', '2024-05-14');
INSERT INTO orders (order_id, customer_id, product_id, quantity, price, discount, status, order_date) VALUES (186, 24, 9, 7, 29800.0, 0.0, 'Shipped', '2025-07-13');
INSERT INTO orders (order_id, customer_id, product_id, quantity, price, discount, status, order_date) VALUES (187, 11, 35, 3, 30800.0, 0.15, 'Delivered', '2024-03-18');
INSERT INTO orders (order_id, customer_id, product_id, quantity, price, discount, status, order_date) VALUES (188, 51, 34, 3, 106400.0, 0.15, 'Delivered', '2024-01-10');
INSERT INTO orders (order_id, customer_id, product_id, quantity, price, discount, status, order_date) VALUES (189, 60, 35, 7, 30800.0, 0.1, 'Shipped', '2024-04-15');
INSERT INTO orders (order_id, customer_id, product_id, quantity, price, discount, status, order_date) VALUES (190, 45, 10, 5, 37400.0, 0.0, 'Cancelled', '2024-01-26');
INSERT INTO orders (order_id, customer_id, product_id, quantity, price, discount, status, order_date) VALUES (191, 85, 27, 10, 98200.0, 0.2, 'Delivered', '2024-04-03');
INSERT INTO orders (order_id, customer_id, product_id, quantity, price, discount, status, order_date) VALUES (192, 13, 39, 1, 88900.0, 0.05, 'Pending', '2026-12-28');
INSERT INTO orders (order_id, customer_id, product_id, quantity, price, discount, status, order_date) VALUES (193, 7, 16, 1, 109200.0, 0.05, 'Shipped', '2024-09-07');
INSERT INTO orders (order_id, customer_id, product_id, quantity, price, discount, status, order_date) VALUES (194, 97, 4, 3, 111100.0, 0.1, 'Delivered', '2024-12-19');
INSERT INTO orders (order_id, customer_id, product_id, quantity, price, discount, status, order_date) VALUES (195, 41, 37, 10, 112700.0, 0.2, 'Cancelled', '2025-04-10');
INSERT INTO orders (order_id, customer_id, product_id, quantity, price, discount, status, order_date) VALUES (196, 19, 34, 4, 106400.0, 0.05, 'Delivered', '2025-01-18');
INSERT INTO orders (order_id, customer_id, product_id, quantity, price, discount, status, order_date) VALUES (197, 76, 12, 7, 24000.0, 0.1, 'Shipped', '2024-06-21');
INSERT INTO orders (order_id, customer_id, product_id, quantity, price, discount, status, order_date) VALUES (198, 86, 25, 9, 35400.0, 0.0, 'Cancelled', '2025-07-05');
INSERT INTO orders (order_id, customer_id, product_id, quantity, price, discount, status, order_date) VALUES (199, 39, 25, 3, 35400.0, 0.2, 'Pending', '2025-04-28');
INSERT INTO orders (order_id, customer_id, product_id, quantity, price, discount, status, order_date) VALUES (200, 29, 20, 3, 127700.0, 0.2, 'Shipped', '2024-09-14');
INSERT INTO orders (order_id, customer_id, product_id, quantity, price, discount, status, order_date) VALUES (201, 54, 36, 9, 25500.0, 0.0, 'Shipped', '2024-05-07');
INSERT INTO orders (order_id, customer_id, product_id, quantity, price, discount, status, order_date) VALUES (202, 43, 6, 8, 15500.0, 0.2, 'Delivered', '2024-09-24');
INSERT INTO orders (order_id, customer_id, product_id, quantity, price, discount, status, order_date) VALUES (203, 25, 4, 5, 111100.0, 0.05, 'Cancelled', '2026-10-02');
INSERT INTO orders (order_id, customer_id, product_id, quantity, price, discount, status, order_date) VALUES (204, 10, 13, 10, 99500.0, 0.15, 'Cancelled', '2026-04-16');
INSERT INTO orders (order_id, customer_id, product_id, quantity, price, discount, status, order_date) VALUES (205, 27, 22, 5, 89900.0, 0.0, 'Delivered', '2024-12-04');
INSERT INTO orders (order_id, customer_id, product_id, quantity, price, discount, status, order_date) VALUES (206, 96, 31, 4, 70100.0, 0.15, 'Pending', '2026-04-13');
INSERT INTO orders (order_id, customer_id, product_id, quantity, price, discount, status, order_date) VALUES (207, 31, 36, 6, 25500.0, 0.2, 'Delivered', '2025-08-18');
INSERT INTO orders (order_id, customer_id, product_id, quantity, price, discount, status, order_date) VALUES (208, 84, 23, 5, 5500.0, 0.0, 'Delivered', '2026-08-15');
INSERT INTO orders (order_id, customer_id, product_id, quantity, price, discount, status, order_date) VALUES (209, 13, 31, 6, 70100.0, 0.0, 'Delivered', '2025-07-02');
INSERT INTO orders (order_id, customer_id, product_id, quantity, price, discount, status, order_date) VALUES (210, 73, 15, 3, 107000.0, 0.0, 'Delivered', '2026-10-19');
INSERT INTO orders (order_id, customer_id, product_id, quantity, price, discount, status, order_date) VALUES (211, 93, 27, 5, 98200.0, 0.0, 'Delivered', '2025-04-13');
INSERT INTO orders (order_id, customer_id, product_id, quantity, price, discount, status, order_date) VALUES (212, 73, 16, 8, 109200.0, 0.1, 'Cancelled', '2026-06-09');
INSERT INTO orders (order_id, customer_id, product_id, quantity, price, discount, status, order_date) VALUES (213, 98, 32, 8, 149400.0, 0.05, 'Delivered', '2026-06-06');
INSERT INTO orders (order_id, customer_id, product_id, quantity, price, discount, status, order_date) VALUES (214, 18, 35, 8, 30800.0, 0.0, 'Pending', '2026-01-17');
INSERT INTO orders (order_id, customer_id, product_id, quantity, price, discount, status, order_date) VALUES (215, 5, 5, 1, 132500.0, 0.2, 'Delivered', '2025-03-27');
INSERT INTO orders (order_id, customer_id, product_id, quantity, price, discount, status, order_date) VALUES (216, 81, 15, 2, 107000.0, 0.15, 'Delivered', '2024-04-17');
INSERT INTO orders (order_id, customer_id, product_id, quantity, price, discount, status, order_date) VALUES (217, 59, 24, 1, 125200.0, 0.1, 'Cancelled', '2026-10-16');
INSERT INTO orders (order_id, customer_id, product_id, quantity, price, discount, status, order_date) VALUES (218, 85, 32, 1, 149400.0, 0.0, 'Pending', '2026-07-01');
INSERT INTO orders (order_id, customer_id, product_id, quantity, price, discount, status, order_date) VALUES (219, 3, 34, 5, 106400.0, 0.1, 'Delivered', '2024-09-27');
INSERT INTO orders (order_id, customer_id, product_id, quantity, price, discount, status, order_date) VALUES (220, 90, 28, 3, 147800.0, 0.0, 'Delivered', '2026-03-08');
INSERT INTO orders (order_id, customer_id, product_id, quantity, price, discount, status, order_date) VALUES (221, 25, 40, 9, 20300.0, 0.0, 'Delivered', '2025-07-03');
INSERT INTO orders (order_id, customer_id, product_id, quantity, price, discount, status, order_date) VALUES (222, 48, 26, 8, 75600.0, 0.1, 'Delivered', '2026-04-10');
INSERT INTO orders (order_id, customer_id, product_id, quantity, price, discount, status, order_date) VALUES (223, 88, 6, 1, 15500.0, 0.0, 'Shipped', '2025-07-18');
INSERT INTO orders (order_id, customer_id, product_id, quantity, price, discount, status, order_date) VALUES (224, 61, 4, 1, 111100.0, 0.15, 'Delivered', '2024-08-28');
INSERT INTO orders (order_id, customer_id, product_id, quantity, price, discount, status, order_date) VALUES (225, 56, 22, 10, 89900.0, 0.2, 'Delivered', '2026-01-08');
INSERT INTO orders (order_id, customer_id, product_id, quantity, price, discount, status, order_date) VALUES (226, 28, 37, 8, 112700.0, 0.0, 'Delivered', '2024-11-09');
INSERT INTO orders (order_id, customer_id, product_id, quantity, price, discount, status, order_date) VALUES (227, 70, 37, 1, 112700.0, 0.0, 'Delivered', '2024-04-19');
INSERT INTO orders (order_id, customer_id, product_id, quantity, price, discount, status, order_date) VALUES (228, 19, 26, 2, 75600.0, 0.0, 'Delivered', '2026-04-19');
INSERT INTO orders (order_id, customer_id, product_id, quantity, price, discount, status, order_date) VALUES (229, 50, 35, 6, 30800.0, 0.05, 'Cancelled', '2024-12-24');
INSERT INTO orders (order_id, customer_id, product_id, quantity, price, discount, status, order_date) VALUES (230, 11, 33, 6, 140900.0, 0.0, 'Delivered', '2025-04-27');
INSERT INTO orders (order_id, customer_id, product_id, quantity, price, discount, status, order_date) VALUES (231, 10, 22, 10, 89900.0, 0.2, 'Pending', '2026-07-25');
INSERT INTO orders (order_id, customer_id, product_id, quantity, price, discount, status, order_date) VALUES (232, 42, 2, 5, 139600.0, 0.2, 'Shipped', '2025-04-12');
INSERT INTO orders (order_id, customer_id, product_id, quantity, price, discount, status, order_date) VALUES (233, 71, 25, 7, 35400.0, 0.0, 'Cancelled', '2026-11-13');
INSERT INTO orders (order_id, customer_id, product_id, quantity, price, discount, status, order_date) VALUES (234, 11, 40, 5, 20300.0, 0.2, 'Delivered', '2026-02-03');
INSERT INTO orders (order_id, customer_id, product_id, quantity, price, discount, status, order_date) VALUES (235, 35, 10, 7, 37400.0, 0.15, 'Cancelled', '2024-12-13');
INSERT INTO orders (order_id, customer_id, product_id, quantity, price, discount, status, order_date) VALUES (236, 41, 24, 2, 125200.0, 0.0, 'Delivered', '2025-08-12');
INSERT INTO orders (order_id, customer_id, product_id, quantity, price, discount, status, order_date) VALUES (237, 98, 18, 2, 54900.0, 0.0, 'Delivered', '2024-07-15');
INSERT INTO orders (order_id, customer_id, product_id, quantity, price, discount, status, order_date) VALUES (238, 72, 36, 9, 25500.0, 0.05, 'Delivered', '2024-02-12');
INSERT INTO orders (order_id, customer_id, product_id, quantity, price, discount, status, order_date) VALUES (239, 71, 6, 10, 15500.0, 0.1, 'Delivered', '2025-01-10');
INSERT INTO orders (order_id, customer_id, product_id, quantity, price, discount, status, order_date) VALUES (240, 53, 25, 2, 35400.0, 0.15, 'Pending', '2024-10-17');
INSERT INTO orders (order_id, customer_id, product_id, quantity, price, discount, status, order_date) VALUES (241, 22, 25, 3, 35400.0, 0.0, 'Delivered', '2025-05-16');
INSERT INTO orders (order_id, customer_id, product_id, quantity, price, discount, status, order_date) VALUES (242, 19, 5, 3, 132500.0, 0.05, 'Delivered', '2025-05-16');
INSERT INTO orders (order_id, customer_id, product_id, quantity, price, discount, status, order_date) VALUES (243, 10, 24, 5, 125200.0, 0.0, 'Cancelled', '2026-08-20');
INSERT INTO orders (order_id, customer_id, product_id, quantity, price, discount, status, order_date) VALUES (244, 79, 13, 8, 99500.0, 0.0, 'Delivered', '2025-01-13');
INSERT INTO orders (order_id, customer_id, product_id, quantity, price, discount, status, order_date) VALUES (245, 43, 40, 7, 20300.0, 0.2, 'Delivered', '2025-06-14');
INSERT INTO orders (order_id, customer_id, product_id, quantity, price, discount, status, order_date) VALUES (246, 84, 39, 3, 88900.0, 0.0, 'Delivered', '2026-12-07');
INSERT INTO orders (order_id, customer_id, product_id, quantity, price, discount, status, order_date) VALUES (247, 62, 21, 3, 19200.0, 0.05, 'Delivered', '2025-12-23');
INSERT INTO orders (order_id, customer_id, product_id, quantity, price, discount, status, order_date) VALUES (248, 82, 32, 10, 149400.0, 0.2, 'Delivered', '2025-07-09');
INSERT INTO orders (order_id, customer_id, product_id, quantity, price, discount, status, order_date) VALUES (249, 51, 24, 2, 125200.0, 0.1, 'Delivered', '2026-09-06');
INSERT INTO orders (order_id, customer_id, product_id, quantity, price, discount, status, order_date) VALUES (250, 88, 36, 1, 25500.0, 0.15, 'Shipped', '2026-04-15');
INSERT INTO orders (order_id, customer_id, product_id, quantity, price, discount, status, order_date) VALUES (251, 38, 5, 7, 132500.0, 0.15, 'Shipped', '2024-11-10');
INSERT INTO orders (order_id, customer_id, product_id, quantity, price, discount, status, order_date) VALUES (252, 31, 17, 3, 90000.0, 0.15, 'Shipped', '2025-02-15');
INSERT INTO orders (order_id, customer_id, product_id, quantity, price, discount, status, order_date) VALUES (253, 77, 31, 10, 70100.0, 0.05, 'Pending', '2026-12-14');
INSERT INTO orders (order_id, customer_id, product_id, quantity, price, discount, status, order_date) VALUES (254, 70, 3, 6, 89600.0, 0.15, 'Pending', '2026-11-03');
INSERT INTO orders (order_id, customer_id, product_id, quantity, price, discount, status, order_date) VALUES (255, 14, 16, 6, 109200.0, 0.0, 'Cancelled', '2026-01-19');
INSERT INTO orders (order_id, customer_id, product_id, quantity, price, discount, status, order_date) VALUES (256, 83, 26, 6, 75600.0, 0.2, 'Shipped', '2024-01-04');
INSERT INTO orders (order_id, customer_id, product_id, quantity, price, discount, status, order_date) VALUES (257, 34, 15, 9, 107000.0, 0.15, 'Pending', '2026-10-23');
INSERT INTO orders (order_id, customer_id, product_id, quantity, price, discount, status, order_date) VALUES (258, 74, 15, 8, 107000.0, 0.0, 'Shipped', '2025-11-19');
INSERT INTO orders (order_id, customer_id, product_id, quantity, price, discount, status, order_date) VALUES (259, 89, 33, 3, 140900.0, 0.0, 'Delivered', '2025-02-10');
INSERT INTO orders (order_id, customer_id, product_id, quantity, price, discount, status, order_date) VALUES (260, 54, 6, 2, 15500.0, 0.2, 'Cancelled', '2024-06-10');
INSERT INTO orders (order_id, customer_id, product_id, quantity, price, discount, status, order_date) VALUES (261, 44, 30, 4, 52800.0, 0.1, 'Shipped', '2025-08-04');
INSERT INTO orders (order_id, customer_id, product_id, quantity, price, discount, status, order_date) VALUES (262, 57, 29, 6, 122100.0, 0.0, 'Delivered', '2024-12-04');
INSERT INTO orders (order_id, customer_id, product_id, quantity, price, discount, status, order_date) VALUES (263, 3, 22, 2, 89900.0, 0.15, 'Delivered', '2026-04-17');
INSERT INTO orders (order_id, customer_id, product_id, quantity, price, discount, status, order_date) VALUES (264, 23, 36, 3, 25500.0, 0.0, 'Pending', '2025-08-08');
INSERT INTO orders (order_id, customer_id, product_id, quantity, price, discount, status, order_date) VALUES (265, 52, 12, 3, 24000.0, 0.15, 'Cancelled', '2025-07-01');
INSERT INTO orders (order_id, customer_id, product_id, quantity, price, discount, status, order_date) VALUES (266, 95, 40, 4, 20300.0, 0.05, 'Pending', '2025-07-01');
INSERT INTO orders (order_id, customer_id, product_id, quantity, price, discount, status, order_date) VALUES (267, 91, 14, 4, 137600.0, 0.0, 'Cancelled', '2024-10-04');
INSERT INTO orders (order_id, customer_id, product_id, quantity, price, discount, status, order_date) VALUES (268, 69, 12, 6, 24000.0, 0.0, 'Delivered', '2025-02-09');
INSERT INTO orders (order_id, customer_id, product_id, quantity, price, discount, status, order_date) VALUES (269, 86, 32, 9, 149400.0, 0.15, 'Delivered', '2026-07-20');
INSERT INTO orders (order_id, customer_id, product_id, quantity, price, discount, status, order_date) VALUES (270, 51, 38, 2, 8100.0, 0.0, 'Delivered', '2025-10-06');
INSERT INTO orders (order_id, customer_id, product_id, quantity, price, discount, status, order_date) VALUES (271, 87, 20, 10, 127700.0, 0.1, 'Delivered', '2026-03-11');
INSERT INTO orders (order_id, customer_id, product_id, quantity, price, discount, status, order_date) VALUES (272, 16, 16, 5, 109200.0, 0.0, 'Delivered', '2025-12-05');
INSERT INTO orders (order_id, customer_id, product_id, quantity, price, discount, status, order_date) VALUES (273, 66, 25, 7, 35400.0, 0.1, 'Delivered', '2026-07-14');
INSERT INTO orders (order_id, customer_id, product_id, quantity, price, discount, status, order_date) VALUES (274, 24, 32, 9, 149400.0, 0.15, 'Cancelled', '2024-09-06');
INSERT INTO orders (order_id, customer_id, product_id, quantity, price, discount, status, order_date) VALUES (275, 63, 19, 3, 83500.0, 0.0, 'Delivered', '2025-10-02');
INSERT INTO orders (order_id, customer_id, product_id, quantity, price, discount, status, order_date) VALUES (276, 46, 1, 8, 28700.0, 0.0, 'Delivered', '2025-09-17');
INSERT INTO orders (order_id, customer_id, product_id, quantity, price, discount, status, order_date) VALUES (277, 84, 32, 7, 149400.0, 0.15, 'Shipped', '2025-12-27');
INSERT INTO orders (order_id, customer_id, product_id, quantity, price, discount, status, order_date) VALUES (278, 57, 32, 3, 149400.0, 0.0, 'Pending', '2024-04-10');
INSERT INTO orders (order_id, customer_id, product_id, quantity, price, discount, status, order_date) VALUES (279, 5, 18, 4, 54900.0, 0.1, 'Delivered', '2024-08-19');
INSERT INTO orders (order_id, customer_id, product_id, quantity, price, discount, status, order_date) VALUES (280, 96, 32, 9, 149400.0, 0.1, 'Delivered', '2026-02-09');
INSERT INTO orders (order_id, customer_id, product_id, quantity, price, discount, status, order_date) VALUES (281, 100, 35, 6, 30800.0, 0.1, 'Delivered', '2026-08-18');
INSERT INTO orders (order_id, customer_id, product_id, quantity, price, discount, status, order_date) VALUES (282, 28, 28, 2, 147800.0, 0.15, 'Cancelled', '2024-05-28');
INSERT INTO orders (order_id, customer_id, product_id, quantity, price, discount, status, order_date) VALUES (283, 5, 29, 5, 122100.0, 0.0, 'Delivered', '2025-02-25');
INSERT INTO orders (order_id, customer_id, product_id, quantity, price, discount, status, order_date) VALUES (284, 31, 14, 10, 137600.0, 0.15, 'Delivered', '2026-10-21');
INSERT INTO orders (order_id, customer_id, product_id, quantity, price, discount, status, order_date) VALUES (285, 55, 11, 10, 117800.0, 0.0, 'Delivered', '2024-01-19');
INSERT INTO orders (order_id, customer_id, product_id, quantity, price, discount, status, order_date) VALUES (286, 45, 35, 5, 30800.0, 0.1, 'Pending', '2024-06-23');
INSERT INTO orders (order_id, customer_id, product_id, quantity, price, discount, status, order_date) VALUES (287, 38, 19, 10, 83500.0, 0.0, 'Pending', '2026-02-05');
INSERT INTO orders (order_id, customer_id, product_id, quantity, price, discount, status, order_date) VALUES (288, 97, 27, 1, 98200.0, 0.0, 'Cancelled', '2024-12-28');
INSERT INTO orders (order_id, customer_id, product_id, quantity, price, discount, status, order_date) VALUES (289, 17, 16, 3, 109200.0, 0.15, 'Delivered', '2024-11-13');
INSERT INTO orders (order_id, customer_id, product_id, quantity, price, discount, status, order_date) VALUES (290, 63, 10, 10, 37400.0, 0.15, 'Delivered', '2026-07-13');
INSERT INTO orders (order_id, customer_id, product_id, quantity, price, discount, status, order_date) VALUES (291, 58, 5, 2, 132500.0, 0.05, 'Pending', '2026-05-23');
INSERT INTO orders (order_id, customer_id, product_id, quantity, price, discount, status, order_date) VALUES (292, 48, 30, 8, 52800.0, 0.0, 'Pending', '2024-12-03');
INSERT INTO orders (order_id, customer_id, product_id, quantity, price, discount, status, order_date) VALUES (293, 94, 30, 6, 52800.0, 0.2, 'Delivered', '2026-07-07');
INSERT INTO orders (order_id, customer_id, product_id, quantity, price, discount, status, order_date) VALUES (294, 55, 14, 8, 137600.0, 0.0, 'Delivered', '2025-06-18');
INSERT INTO orders (order_id, customer_id, product_id, quantity, price, discount, status, order_date) VALUES (295, 74, 9, 10, 29800.0, 0.2, 'Shipped', '2025-11-25');
INSERT INTO orders (order_id, customer_id, product_id, quantity, price, discount, status, order_date) VALUES (296, 7, 3, 2, 89600.0, 0.15, 'Shipped', '2024-02-28');
INSERT INTO orders (order_id, customer_id, product_id, quantity, price, discount, status, order_date) VALUES (297, 21, 29, 8, 122100.0, 0.0, 'Shipped', '2024-12-05');
INSERT INTO orders (order_id, customer_id, product_id, quantity, price, discount, status, order_date) VALUES (298, 84, 20, 3, 127700.0, 0.2, 'Delivered', '2024-11-12');
INSERT INTO orders (order_id, customer_id, product_id, quantity, price, discount, status, order_date) VALUES (299, 33, 6, 6, 15500.0, 0.15, 'Cancelled', '2024-01-13');
INSERT INTO orders (order_id, customer_id, product_id, quantity, price, discount, status, order_date) VALUES (300, 81, 20, 4, 127700.0, 0.05, 'Cancelled', '2024-12-04');
INSERT INTO orders (order_id, customer_id, product_id, quantity, price, discount, status, order_date) VALUES (301, 1, 14, 8, 137600.0, 0.0, 'Delivered', '2026-04-17');
INSERT INTO orders (order_id, customer_id, product_id, quantity, price, discount, status, order_date) VALUES (302, 88, 29, 1, 122100.0, 0.0, 'Cancelled', '2025-02-28');
INSERT INTO orders (order_id, customer_id, product_id, quantity, price, discount, status, order_date) VALUES (303, 55, 9, 8, 29800.0, 0.0, 'Delivered', '2025-02-24');
INSERT INTO orders (order_id, customer_id, product_id, quantity, price, discount, status, order_date) VALUES (304, 14, 7, 6, 117400.0, 0.0, 'Delivered', '2024-07-25');
INSERT INTO orders (order_id, customer_id, product_id, quantity, price, discount, status, order_date) VALUES (305, 97, 9, 3, 29800.0, 0.0, 'Pending', '2026-01-20');
INSERT INTO orders (order_id, customer_id, product_id, quantity, price, discount, status, order_date) VALUES (306, 84, 11, 8, 117800.0, 0.0, 'Cancelled', '2024-11-24');
INSERT INTO orders (order_id, customer_id, product_id, quantity, price, discount, status, order_date) VALUES (307, 20, 27, 10, 98200.0, 0.15, 'Shipped', '2024-02-04');
INSERT INTO orders (order_id, customer_id, product_id, quantity, price, discount, status, order_date) VALUES (308, 18, 8, 10, 94700.0, 0.15, 'Shipped', '2025-07-11');
INSERT INTO orders (order_id, customer_id, product_id, quantity, price, discount, status, order_date) VALUES (309, 18, 16, 5, 109200.0, 0.15, 'Delivered', '2024-09-20');
INSERT INTO orders (order_id, customer_id, product_id, quantity, price, discount, status, order_date) VALUES (310, 77, 39, 5, 88900.0, 0.2, 'Cancelled', '2024-11-10');
INSERT INTO orders (order_id, customer_id, product_id, quantity, price, discount, status, order_date) VALUES (311, 27, 34, 10, 106400.0, 0.1, 'Delivered', '2026-07-10');
INSERT INTO orders (order_id, customer_id, product_id, quantity, price, discount, status, order_date) VALUES (312, 83, 4, 4, 111100.0, 0.05, 'Shipped', '2024-04-16');
INSERT INTO orders (order_id, customer_id, product_id, quantity, price, discount, status, order_date) VALUES (313, 82, 39, 2, 88900.0, 0.1, 'Delivered', '2025-06-05');
INSERT INTO orders (order_id, customer_id, product_id, quantity, price, discount, status, order_date) VALUES (314, 50, 37, 7, 112700.0, 0.0, 'Pending', '2026-03-25');
INSERT INTO orders (order_id, customer_id, product_id, quantity, price, discount, status, order_date) VALUES (315, 61, 5, 1, 132500.0, 0.1, 'Delivered', '2024-05-07');
INSERT INTO orders (order_id, customer_id, product_id, quantity, price, discount, status, order_date) VALUES (316, 6, 4, 7, 111100.0, 0.1, 'Delivered', '2026-12-17');
INSERT INTO orders (order_id, customer_id, product_id, quantity, price, discount, status, order_date) VALUES (317, 99, 27, 7, 98200.0, 0.15, 'Shipped', '2024-11-18');
INSERT INTO orders (order_id, customer_id, product_id, quantity, price, discount, status, order_date) VALUES (318, 69, 40, 3, 20300.0, 0.0, 'Delivered', '2025-02-17');
INSERT INTO orders (order_id, customer_id, product_id, quantity, price, discount, status, order_date) VALUES (319, 27, 10, 9, 37400.0, 0.0, 'Shipped', '2026-11-25');
INSERT INTO orders (order_id, customer_id, product_id, quantity, price, discount, status, order_date) VALUES (320, 84, 5, 5, 132500.0, 0.15, 'Shipped', '2026-04-02');
INSERT INTO orders (order_id, customer_id, product_id, quantity, price, discount, status, order_date) VALUES (321, 32, 6, 7, 15500.0, 0.0, 'Shipped', '2026-10-02');
INSERT INTO orders (order_id, customer_id, product_id, quantity, price, discount, status, order_date) VALUES (322, 40, 12, 2, 24000.0, 0.0, 'Cancelled', '2024-12-01');
INSERT INTO orders (order_id, customer_id, product_id, quantity, price, discount, status, order_date) VALUES (323, 21, 32, 6, 149400.0, 0.1, 'Pending', '2026-05-06');
INSERT INTO orders (order_id, customer_id, product_id, quantity, price, discount, status, order_date) VALUES (324, 48, 9, 5, 29800.0, 0.15, 'Delivered', '2024-06-26');
INSERT INTO orders (order_id, customer_id, product_id, quantity, price, discount, status, order_date) VALUES (325, 55, 18, 9, 54900.0, 0.0, 'Delivered', '2026-10-21');
INSERT INTO orders (order_id, customer_id, product_id, quantity, price, discount, status, order_date) VALUES (326, 10, 32, 8, 149400.0, 0.1, 'Delivered', '2024-08-28');
INSERT INTO orders (order_id, customer_id, product_id, quantity, price, discount, status, order_date) VALUES (327, 73, 11, 6, 117800.0, 0.0, 'Delivered', '2024-10-22');
INSERT INTO orders (order_id, customer_id, product_id, quantity, price, discount, status, order_date) VALUES (328, 93, 8, 4, 94700.0, 0.15, 'Pending', '2024-01-28');
INSERT INTO orders (order_id, customer_id, product_id, quantity, price, discount, status, order_date) VALUES (329, 2, 16, 1, 109200.0, 0.05, 'Delivered', '2025-03-06');
INSERT INTO orders (order_id, customer_id, product_id, quantity, price, discount, status, order_date) VALUES (330, 5, 36, 7, 25500.0, 0.0, 'Delivered', '2024-07-24');
INSERT INTO orders (order_id, customer_id, product_id, quantity, price, discount, status, order_date) VALUES (331, 41, 18, 2, 54900.0, 0.1, 'Delivered', '2024-09-22');
INSERT INTO orders (order_id, customer_id, product_id, quantity, price, discount, status, order_date) VALUES (332, 7, 12, 4, 24000.0, 0.2, 'Pending', '2024-07-03');
INSERT INTO orders (order_id, customer_id, product_id, quantity, price, discount, status, order_date) VALUES (333, 60, 19, 5, 83500.0, 0.0, 'Delivered', '2026-08-01');
INSERT INTO orders (order_id, customer_id, product_id, quantity, price, discount, status, order_date) VALUES (334, 48, 13, 5, 99500.0, 0.1, 'Delivered', '2026-10-08');
INSERT INTO orders (order_id, customer_id, product_id, quantity, price, discount, status, order_date) VALUES (335, 60, 24, 10, 125200.0, 0.05, 'Delivered', '2026-09-25');
INSERT INTO orders (order_id, customer_id, product_id, quantity, price, discount, status, order_date) VALUES (336, 32, 10, 1, 37400.0, 0.05, 'Delivered', '2024-09-12');
INSERT INTO orders (order_id, customer_id, product_id, quantity, price, discount, status, order_date) VALUES (337, 82, 1, 6, 28700.0, 0.0, 'Cancelled', '2025-12-24');
INSERT INTO orders (order_id, customer_id, product_id, quantity, price, discount, status, order_date) VALUES (338, 40, 7, 4, 117400.0, 0.1, 'Delivered', '2025-08-02');
INSERT INTO orders (order_id, customer_id, product_id, quantity, price, discount, status, order_date) VALUES (339, 19, 18, 2, 54900.0, 0.0, 'Delivered', '2026-07-23');
INSERT INTO orders (order_id, customer_id, product_id, quantity, price, discount, status, order_date) VALUES (340, 48, 30, 2, 52800.0, 0.1, 'Delivered', '2026-03-21');
INSERT INTO orders (order_id, customer_id, product_id, quantity, price, discount, status, order_date) VALUES (341, 51, 5, 10, 132500.0, 0.1, 'Delivered', '2025-11-05');
INSERT INTO orders (order_id, customer_id, product_id, quantity, price, discount, status, order_date) VALUES (342, 31, 19, 5, 83500.0, 0.2, 'Delivered', '2025-12-27');
INSERT INTO orders (order_id, customer_id, product_id, quantity, price, discount, status, order_date) VALUES (343, 95, 21, 6, 19200.0, 0.05, 'Delivered', '2024-02-07');
INSERT INTO orders (order_id, customer_id, product_id, quantity, price, discount, status, order_date) VALUES (344, 18, 38, 2, 8100.0, 0.0, 'Delivered', '2024-08-15');
INSERT INTO orders (order_id, customer_id, product_id, quantity, price, discount, status, order_date) VALUES (345, 41, 27, 2, 98200.0, 0.1, 'Delivered', '2024-08-10');
INSERT INTO orders (order_id, customer_id, product_id, quantity, price, discount, status, order_date) VALUES (346, 60, 17, 2, 90000.0, 0.0, 'Delivered', '2026-05-27');
INSERT INTO orders (order_id, customer_id, product_id, quantity, price, discount, status, order_date) VALUES (347, 91, 39, 1, 88900.0, 0.0, 'Delivered', '2024-02-23');
INSERT INTO orders (order_id, customer_id, product_id, quantity, price, discount, status, order_date) VALUES (348, 32, 23, 7, 5500.0, 0.1, 'Delivered', '2026-05-09');
INSERT INTO orders (order_id, customer_id, product_id, quantity, price, discount, status, order_date) VALUES (349, 23, 2, 7, 139600.0, 0.2, 'Shipped', '2026-12-18');
INSERT INTO orders (order_id, customer_id, product_id, quantity, price, discount, status, order_date) VALUES (350, 32, 7, 8, 117400.0, 0.0, 'Delivered', '2024-01-02');
INSERT INTO orders (order_id, customer_id, product_id, quantity, price, discount, status, order_date) VALUES (351, 100, 15, 3, 107000.0, 0.0, 'Shipped', '2025-11-21');
INSERT INTO orders (order_id, customer_id, product_id, quantity, price, discount, status, order_date) VALUES (352, 83, 6, 10, 15500.0, 0.1, 'Delivered', '2024-01-03');
INSERT INTO orders (order_id, customer_id, product_id, quantity, price, discount, status, order_date) VALUES (353, 26, 29, 3, 122100.0, 0.0, 'Delivered', '2024-01-15');
INSERT INTO orders (order_id, customer_id, product_id, quantity, price, discount, status, order_date) VALUES (354, 7, 11, 10, 117800.0, 0.05, 'Cancelled', '2025-08-01');
INSERT INTO orders (order_id, customer_id, product_id, quantity, price, discount, status, order_date) VALUES (355, 49, 28, 3, 147800.0, 0.0, 'Delivered', '2024-05-09');
INSERT INTO orders (order_id, customer_id, product_id, quantity, price, discount, status, order_date) VALUES (356, 58, 10, 1, 37400.0, 0.1, 'Pending', '2026-04-21');
INSERT INTO orders (order_id, customer_id, product_id, quantity, price, discount, status, order_date) VALUES (357, 38, 32, 7, 149400.0, 0.1, 'Shipped', '2024-02-09');
INSERT INTO orders (order_id, customer_id, product_id, quantity, price, discount, status, order_date) VALUES (358, 50, 9, 7, 29800.0, 0.0, 'Cancelled', '2026-04-21');
INSERT INTO orders (order_id, customer_id, product_id, quantity, price, discount, status, order_date) VALUES (359, 70, 2, 7, 139600.0, 0.2, 'Cancelled', '2025-08-18');
INSERT INTO orders (order_id, customer_id, product_id, quantity, price, discount, status, order_date) VALUES (360, 63, 23, 10, 5500.0, 0.1, 'Delivered', '2025-05-06');
INSERT INTO orders (order_id, customer_id, product_id, quantity, price, discount, status, order_date) VALUES (361, 4, 21, 10, 19200.0, 0.0, 'Delivered', '2025-01-26');
INSERT INTO orders (order_id, customer_id, product_id, quantity, price, discount, status, order_date) VALUES (362, 61, 34, 6, 106400.0, 0.2, 'Pending', '2024-03-04');
INSERT INTO orders (order_id, customer_id, product_id, quantity, price, discount, status, order_date) VALUES (363, 32, 16, 5, 109200.0, 0.1, 'Cancelled', '2024-04-19');
INSERT INTO orders (order_id, customer_id, product_id, quantity, price, discount, status, order_date) VALUES (364, 50, 23, 3, 5500.0, 0.0, 'Delivered', '2026-06-26');
INSERT INTO orders (order_id, customer_id, product_id, quantity, price, discount, status, order_date) VALUES (365, 95, 23, 10, 5500.0, 0.0, 'Cancelled', '2026-06-19');
INSERT INTO orders (order_id, customer_id, product_id, quantity, price, discount, status, order_date) VALUES (366, 73, 10, 10, 37400.0, 0.0, 'Shipped', '2026-05-06');
INSERT INTO orders (order_id, customer_id, product_id, quantity, price, discount, status, order_date) VALUES (367, 63, 3, 2, 89600.0, 0.0, 'Delivered', '2026-04-01');
INSERT INTO orders (order_id, customer_id, product_id, quantity, price, discount, status, order_date) VALUES (368, 68, 31, 1, 70100.0, 0.0, 'Pending', '2024-03-11');
INSERT INTO orders (order_id, customer_id, product_id, quantity, price, discount, status, order_date) VALUES (369, 92, 12, 6, 24000.0, 0.0, 'Delivered', '2024-10-23');
INSERT INTO orders (order_id, customer_id, product_id, quantity, price, discount, status, order_date) VALUES (370, 19, 8, 9, 94700.0, 0.2, 'Delivered', '2024-06-23');
INSERT INTO orders (order_id, customer_id, product_id, quantity, price, discount, status, order_date) VALUES (371, 85, 26, 10, 75600.0, 0.0, 'Delivered', '2025-06-05');
INSERT INTO orders (order_id, customer_id, product_id, quantity, price, discount, status, order_date) VALUES (372, 21, 28, 8, 147800.0, 0.15, 'Delivered', '2024-12-18');
INSERT INTO orders (order_id, customer_id, product_id, quantity, price, discount, status, order_date) VALUES (373, 89, 40, 6, 20300.0, 0.0, 'Cancelled', '2026-03-13');
INSERT INTO orders (order_id, customer_id, product_id, quantity, price, discount, status, order_date) VALUES (374, 40, 19, 3, 83500.0, 0.0, 'Cancelled', '2024-12-19');
INSERT INTO orders (order_id, customer_id, product_id, quantity, price, discount, status, order_date) VALUES (375, 51, 37, 1, 112700.0, 0.0, 'Pending', '2025-10-08');
INSERT INTO orders (order_id, customer_id, product_id, quantity, price, discount, status, order_date) VALUES (376, 82, 37, 2, 112700.0, 0.05, 'Delivered', '2025-12-03');
INSERT INTO orders (order_id, customer_id, product_id, quantity, price, discount, status, order_date) VALUES (377, 31, 23, 6, 5500.0, 0.0, 'Cancelled', '2024-12-22');
INSERT INTO orders (order_id, customer_id, product_id, quantity, price, discount, status, order_date) VALUES (378, 82, 22, 8, 89900.0, 0.0, 'Delivered', '2024-04-23');
INSERT INTO orders (order_id, customer_id, product_id, quantity, price, discount, status, order_date) VALUES (379, 9, 23, 5, 5500.0, 0.2, 'Delivered', '2026-01-02');
INSERT INTO orders (order_id, customer_id, product_id, quantity, price, discount, status, order_date) VALUES (380, 50, 29, 7, 122100.0, 0.0, 'Shipped', '2025-07-12');
INSERT INTO orders (order_id, customer_id, product_id, quantity, price, discount, status, order_date) VALUES (381, 70, 25, 2, 35400.0, 0.2, 'Shipped', '2026-11-25');
INSERT INTO orders (order_id, customer_id, product_id, quantity, price, discount, status, order_date) VALUES (382, 88, 15, 3, 107000.0, 0.05, 'Delivered', '2024-05-01');
INSERT INTO orders (order_id, customer_id, product_id, quantity, price, discount, status, order_date) VALUES (383, 41, 17, 2, 90000.0, 0.0, 'Delivered', '2024-07-06');
INSERT INTO orders (order_id, customer_id, product_id, quantity, price, discount, status, order_date) VALUES (384, 94, 5, 9, 132500.0, 0.0, 'Delivered', '2026-10-16');
INSERT INTO orders (order_id, customer_id, product_id, quantity, price, discount, status, order_date) VALUES (385, 91, 2, 7, 139600.0, 0.15, 'Delivered', '2026-07-06');
INSERT INTO orders (order_id, customer_id, product_id, quantity, price, discount, status, order_date) VALUES (386, 7, 7, 6, 117400.0, 0.0, 'Delivered', '2025-12-18');
INSERT INTO orders (order_id, customer_id, product_id, quantity, price, discount, status, order_date) VALUES (387, 93, 35, 5, 30800.0, 0.15, 'Delivered', '2025-04-04');
INSERT INTO orders (order_id, customer_id, product_id, quantity, price, discount, status, order_date) VALUES (388, 7, 26, 10, 75600.0, 0.1, 'Shipped', '2024-01-12');
INSERT INTO orders (order_id, customer_id, product_id, quantity, price, discount, status, order_date) VALUES (389, 1, 28, 2, 147800.0, 0.0, 'Cancelled', '2026-10-16');
INSERT INTO orders (order_id, customer_id, product_id, quantity, price, discount, status, order_date) VALUES (390, 26, 7, 1, 117400.0, 0.0, 'Delivered', '2026-05-03');
INSERT INTO orders (order_id, customer_id, product_id, quantity, price, discount, status, order_date) VALUES (391, 61, 8, 5, 94700.0, 0.2, 'Shipped', '2025-08-22');
INSERT INTO orders (order_id, customer_id, product_id, quantity, price, discount, status, order_date) VALUES (392, 34, 6, 9, 15500.0, 0.05, 'Delivered', '2025-07-12');
INSERT INTO orders (order_id, customer_id, product_id, quantity, price, discount, status, order_date) VALUES (393, 24, 29, 1, 122100.0, 0.0, 'Shipped', '2025-05-08');
INSERT INTO orders (order_id, customer_id, product_id, quantity, price, discount, status, order_date) VALUES (394, 35, 37, 1, 112700.0, 0.0, 'Cancelled', '2026-02-03');
INSERT INTO orders (order_id, customer_id, product_id, quantity, price, discount, status, order_date) VALUES (395, 86, 23, 9, 5500.0, 0.05, 'Pending', '2024-09-02');
INSERT INTO orders (order_id, customer_id, product_id, quantity, price, discount, status, order_date) VALUES (396, 50, 34, 7, 106400.0, 0.1, 'Cancelled', '2025-10-08');
INSERT INTO orders (order_id, customer_id, product_id, quantity, price, discount, status, order_date) VALUES (397, 61, 20, 2, 127700.0, 0.05, 'Cancelled', '2024-09-19');
INSERT INTO orders (order_id, customer_id, product_id, quantity, price, discount, status, order_date) VALUES (398, 67, 37, 10, 112700.0, 0.0, 'Delivered', '2025-03-06');
INSERT INTO orders (order_id, customer_id, product_id, quantity, price, discount, status, order_date) VALUES (399, 28, 13, 3, 99500.0, 0.0, 'Shipped', '2024-11-14');
INSERT INTO orders (order_id, customer_id, product_id, quantity, price, discount, status, order_date) VALUES (400, 26, 10, 10, 37400.0, 0.0, 'Delivered', '2026-02-03');
INSERT INTO orders (order_id, customer_id, product_id, quantity, price, discount, status, order_date) VALUES (401, 50, 36, 7, 25500.0, 0.1, 'Delivered', '2025-09-15');
INSERT INTO orders (order_id, customer_id, product_id, quantity, price, discount, status, order_date) VALUES (402, 2, 40, 10, 20300.0, 0.1, 'Shipped', '2024-07-05');
INSERT INTO orders (order_id, customer_id, product_id, quantity, price, discount, status, order_date) VALUES (403, 19, 37, 10, 112700.0, 0.1, 'Delivered', '2024-10-25');
INSERT INTO orders (order_id, customer_id, product_id, quantity, price, discount, status, order_date) VALUES (404, 13, 19, 9, 83500.0, 0.0, 'Shipped', '2025-07-21');
INSERT INTO orders (order_id, customer_id, product_id, quantity, price, discount, status, order_date) VALUES (405, 63, 37, 10, 112700.0, 0.05, 'Delivered', '2024-05-13');
INSERT INTO orders (order_id, customer_id, product_id, quantity, price, discount, status, order_date) VALUES (406, 19, 40, 10, 20300.0, 0.15, 'Cancelled', '2025-01-13');
INSERT INTO orders (order_id, customer_id, product_id, quantity, price, discount, status, order_date) VALUES (407, 43, 16, 1, 109200.0, 0.15, 'Shipped', '2025-06-01');
INSERT INTO orders (order_id, customer_id, product_id, quantity, price, discount, status, order_date) VALUES (408, 44, 20, 5, 127700.0, 0.0, 'Shipped', '2026-11-04');
INSERT INTO orders (order_id, customer_id, product_id, quantity, price, discount, status, order_date) VALUES (409, 30, 9, 5, 29800.0, 0.15, 'Shipped', '2025-05-24');
INSERT INTO orders (order_id, customer_id, product_id, quantity, price, discount, status, order_date) VALUES (410, 54, 39, 2, 88900.0, 0.0, 'Shipped', '2024-07-24');
INSERT INTO orders (order_id, customer_id, product_id, quantity, price, discount, status, order_date) VALUES (411, 63, 34, 6, 106400.0, 0.2, 'Delivered', '2026-03-03');
INSERT INTO orders (order_id, customer_id, product_id, quantity, price, discount, status, order_date) VALUES (412, 40, 33, 7, 140900.0, 0.0, 'Pending', '2026-01-06');
INSERT INTO orders (order_id, customer_id, product_id, quantity, price, discount, status, order_date) VALUES (413, 25, 13, 1, 99500.0, 0.0, 'Delivered', '2025-01-12');
INSERT INTO orders (order_id, customer_id, product_id, quantity, price, discount, status, order_date) VALUES (414, 91, 13, 5, 99500.0, 0.0, 'Shipped', '2026-07-21');
INSERT INTO orders (order_id, customer_id, product_id, quantity, price, discount, status, order_date) VALUES (415, 16, 2, 4, 139600.0, 0.0, 'Shipped', '2026-08-06');
INSERT INTO orders (order_id, customer_id, product_id, quantity, price, discount, status, order_date) VALUES (416, 61, 38, 9, 8100.0, 0.0, 'Delivered', '2024-05-24');
INSERT INTO orders (order_id, customer_id, product_id, quantity, price, discount, status, order_date) VALUES (417, 89, 6, 5, 15500.0, 0.0, 'Shipped', '2024-03-28');
INSERT INTO orders (order_id, customer_id, product_id, quantity, price, discount, status, order_date) VALUES (418, 74, 14, 4, 137600.0, 0.15, 'Delivered', '2026-04-09');
INSERT INTO orders (order_id, customer_id, product_id, quantity, price, discount, status, order_date) VALUES (419, 84, 27, 9, 98200.0, 0.0, 'Cancelled', '2024-08-05');
INSERT INTO orders (order_id, customer_id, product_id, quantity, price, discount, status, order_date) VALUES (420, 83, 12, 10, 24000.0, 0.2, 'Delivered', '2024-05-20');
INSERT INTO orders (order_id, customer_id, product_id, quantity, price, discount, status, order_date) VALUES (421, 40, 18, 7, 54900.0, 0.05, 'Delivered', '2025-05-07');
INSERT INTO orders (order_id, customer_id, product_id, quantity, price, discount, status, order_date) VALUES (422, 60, 20, 9, 127700.0, 0.2, 'Pending', '2025-10-04');
INSERT INTO orders (order_id, customer_id, product_id, quantity, price, discount, status, order_date) VALUES (423, 1, 33, 6, 140900.0, 0.1, 'Cancelled', '2026-10-10');
INSERT INTO orders (order_id, customer_id, product_id, quantity, price, discount, status, order_date) VALUES (424, 39, 7, 8, 117400.0, 0.0, 'Delivered', '2025-11-11');
INSERT INTO orders (order_id, customer_id, product_id, quantity, price, discount, status, order_date) VALUES (425, 36, 17, 5, 90000.0, 0.0, 'Delivered', '2026-04-02');
INSERT INTO orders (order_id, customer_id, product_id, quantity, price, discount, status, order_date) VALUES (426, 77, 26, 6, 75600.0, 0.15, 'Delivered', '2026-01-21');
INSERT INTO orders (order_id, customer_id, product_id, quantity, price, discount, status, order_date) VALUES (427, 64, 19, 5, 83500.0, 0.05, 'Shipped', '2025-12-02');
INSERT INTO orders (order_id, customer_id, product_id, quantity, price, discount, status, order_date) VALUES (428, 75, 37, 4, 112700.0, 0.0, 'Cancelled', '2026-04-22');
INSERT INTO orders (order_id, customer_id, product_id, quantity, price, discount, status, order_date) VALUES (429, 69, 31, 6, 70100.0, 0.1, 'Delivered', '2024-11-18');
INSERT INTO orders (order_id, customer_id, product_id, quantity, price, discount, status, order_date) VALUES (430, 24, 19, 2, 83500.0, 0.05, 'Delivered', '2026-05-24');
INSERT INTO orders (order_id, customer_id, product_id, quantity, price, discount, status, order_date) VALUES (431, 72, 12, 6, 24000.0, 0.15, 'Delivered', '2024-06-08');
INSERT INTO orders (order_id, customer_id, product_id, quantity, price, discount, status, order_date) VALUES (432, 96, 20, 7, 127700.0, 0.2, 'Delivered', '2025-05-19');
INSERT INTO orders (order_id, customer_id, product_id, quantity, price, discount, status, order_date) VALUES (433, 38, 30, 2, 52800.0, 0.05, 'Delivered', '2026-10-19');
INSERT INTO orders (order_id, customer_id, product_id, quantity, price, discount, status, order_date) VALUES (434, 80, 5, 8, 132500.0, 0.0, 'Pending', '2024-11-13');
INSERT INTO orders (order_id, customer_id, product_id, quantity, price, discount, status, order_date) VALUES (435, 68, 20, 7, 127700.0, 0.0, 'Delivered', '2024-04-11');
INSERT INTO orders (order_id, customer_id, product_id, quantity, price, discount, status, order_date) VALUES (436, 53, 37, 8, 112700.0, 0.0, 'Delivered', '2026-03-25');
INSERT INTO orders (order_id, customer_id, product_id, quantity, price, discount, status, order_date) VALUES (437, 11, 32, 6, 149400.0, 0.15, 'Delivered', '2025-11-02');
INSERT INTO orders (order_id, customer_id, product_id, quantity, price, discount, status, order_date) VALUES (438, 1, 29, 5, 122100.0, 0.0, 'Delivered', '2026-03-16');
INSERT INTO orders (order_id, customer_id, product_id, quantity, price, discount, status, order_date) VALUES (439, 98, 6, 3, 15500.0, 0.1, 'Shipped', '2026-07-13');
INSERT INTO orders (order_id, customer_id, product_id, quantity, price, discount, status, order_date) VALUES (440, 55, 31, 7, 70100.0, 0.0, 'Delivered', '2026-04-24');
INSERT INTO orders (order_id, customer_id, product_id, quantity, price, discount, status, order_date) VALUES (441, 48, 1, 6, 28700.0, 0.2, 'Pending', '2024-01-22');
INSERT INTO orders (order_id, customer_id, product_id, quantity, price, discount, status, order_date) VALUES (442, 1, 16, 4, 109200.0, 0.15, 'Delivered', '2025-03-04');
INSERT INTO orders (order_id, customer_id, product_id, quantity, price, discount, status, order_date) VALUES (443, 50, 33, 10, 140900.0, 0.0, 'Delivered', '2024-01-10');
INSERT INTO orders (order_id, customer_id, product_id, quantity, price, discount, status, order_date) VALUES (444, 38, 30, 9, 52800.0, 0.1, 'Pending', '2025-07-22');
INSERT INTO orders (order_id, customer_id, product_id, quantity, price, discount, status, order_date) VALUES (445, 18, 22, 8, 89900.0, 0.0, 'Delivered', '2024-07-01');
INSERT INTO orders (order_id, customer_id, product_id, quantity, price, discount, status, order_date) VALUES (446, 30, 15, 3, 107000.0, 0.0, 'Cancelled', '2024-10-17');
INSERT INTO orders (order_id, customer_id, product_id, quantity, price, discount, status, order_date) VALUES (447, 22, 8, 6, 94700.0, 0.15, 'Cancelled', '2024-07-21');
INSERT INTO orders (order_id, customer_id, product_id, quantity, price, discount, status, order_date) VALUES (448, 33, 35, 10, 30800.0, 0.0, 'Pending', '2024-11-04');
INSERT INTO orders (order_id, customer_id, product_id, quantity, price, discount, status, order_date) VALUES (449, 84, 2, 1, 139600.0, 0.15, 'Delivered', '2025-08-13');
INSERT INTO orders (order_id, customer_id, product_id, quantity, price, discount, status, order_date) VALUES (450, 16, 36, 5, 25500.0, 0.05, 'Cancelled', '2024-04-23');
INSERT INTO orders (order_id, customer_id, product_id, quantity, price, discount, status, order_date) VALUES (451, 88, 1, 5, 28700.0, 0.05, 'Cancelled', '2024-11-17');
INSERT INTO orders (order_id, customer_id, product_id, quantity, price, discount, status, order_date) VALUES (452, 35, 40, 10, 20300.0, 0.15, 'Delivered', '2025-02-17');
INSERT INTO orders (order_id, customer_id, product_id, quantity, price, discount, status, order_date) VALUES (453, 93, 40, 2, 20300.0, 0.0, 'Delivered', '2024-08-07');
INSERT INTO orders (order_id, customer_id, product_id, quantity, price, discount, status, order_date) VALUES (454, 78, 13, 5, 99500.0, 0.2, 'Pending', '2024-06-23');
INSERT INTO orders (order_id, customer_id, product_id, quantity, price, discount, status, order_date) VALUES (455, 53, 19, 3, 83500.0, 0.0, 'Pending', '2025-04-23');
INSERT INTO orders (order_id, customer_id, product_id, quantity, price, discount, status, order_date) VALUES (456, 62, 22, 4, 89900.0, 0.0, 'Delivered', '2026-02-04');
INSERT INTO orders (order_id, customer_id, product_id, quantity, price, discount, status, order_date) VALUES (457, 74, 32, 3, 149400.0, 0.0, 'Pending', '2024-12-24');
INSERT INTO orders (order_id, customer_id, product_id, quantity, price, discount, status, order_date) VALUES (458, 13, 17, 4, 90000.0, 0.05, 'Delivered', '2025-08-02');
INSERT INTO orders (order_id, customer_id, product_id, quantity, price, discount, status, order_date) VALUES (459, 13, 12, 1, 24000.0, 0.2, 'Delivered', '2025-11-11');
INSERT INTO orders (order_id, customer_id, product_id, quantity, price, discount, status, order_date) VALUES (460, 55, 8, 2, 94700.0, 0.2, 'Delivered', '2024-03-22');
INSERT INTO orders (order_id, customer_id, product_id, quantity, price, discount, status, order_date) VALUES (461, 83, 11, 6, 117800.0, 0.0, 'Shipped', '2026-05-24');
INSERT INTO orders (order_id, customer_id, product_id, quantity, price, discount, status, order_date) VALUES (462, 12, 24, 6, 125200.0, 0.0, 'Delivered', '2025-07-15');
INSERT INTO orders (order_id, customer_id, product_id, quantity, price, discount, status, order_date) VALUES (463, 35, 25, 8, 35400.0, 0.2, 'Shipped', '2026-03-04');
INSERT INTO orders (order_id, customer_id, product_id, quantity, price, discount, status, order_date) VALUES (464, 17, 4, 3, 111100.0, 0.0, 'Shipped', '2026-08-26');
INSERT INTO orders (order_id, customer_id, product_id, quantity, price, discount, status, order_date) VALUES (465, 73, 29, 3, 122100.0, 0.1, 'Shipped', '2025-10-01');
INSERT INTO orders (order_id, customer_id, product_id, quantity, price, discount, status, order_date) VALUES (466, 88, 9, 8, 29800.0, 0.05, 'Delivered', '2025-08-02');
INSERT INTO orders (order_id, customer_id, product_id, quantity, price, discount, status, order_date) VALUES (467, 9, 17, 6, 90000.0, 0.0, 'Cancelled', '2026-09-25');
INSERT INTO orders (order_id, customer_id, product_id, quantity, price, discount, status, order_date) VALUES (468, 96, 37, 10, 112700.0, 0.0, 'Cancelled', '2025-09-17');
INSERT INTO orders (order_id, customer_id, product_id, quantity, price, discount, status, order_date) VALUES (469, 89, 40, 2, 20300.0, 0.05, 'Cancelled', '2026-04-16');
INSERT INTO orders (order_id, customer_id, product_id, quantity, price, discount, status, order_date) VALUES (470, 45, 25, 3, 35400.0, 0.2, 'Pending', '2026-01-01');
INSERT INTO orders (order_id, customer_id, product_id, quantity, price, discount, status, order_date) VALUES (471, 83, 11, 9, 117800.0, 0.2, 'Shipped', '2025-03-03');
INSERT INTO orders (order_id, customer_id, product_id, quantity, price, discount, status, order_date) VALUES (472, 97, 32, 6, 149400.0, 0.0, 'Delivered', '2025-01-17');
INSERT INTO orders (order_id, customer_id, product_id, quantity, price, discount, status, order_date) VALUES (473, 29, 36, 7, 25500.0, 0.05, 'Delivered', '2024-08-15');
INSERT INTO orders (order_id, customer_id, product_id, quantity, price, discount, status, order_date) VALUES (474, 74, 29, 2, 122100.0, 0.2, 'Shipped', '2025-06-04');
INSERT INTO orders (order_id, customer_id, product_id, quantity, price, discount, status, order_date) VALUES (475, 64, 2, 2, 139600.0, 0.05, 'Shipped', '2024-09-18');
INSERT INTO orders (order_id, customer_id, product_id, quantity, price, discount, status, order_date) VALUES (476, 1, 6, 10, 15500.0, 0.1, 'Cancelled', '2025-09-18');
INSERT INTO orders (order_id, customer_id, product_id, quantity, price, discount, status, order_date) VALUES (477, 27, 30, 6, 52800.0, 0.0, 'Delivered', '2024-08-11');
INSERT INTO orders (order_id, customer_id, product_id, quantity, price, discount, status, order_date) VALUES (478, 72, 40, 10, 20300.0, 0.05, 'Cancelled', '2026-06-23');
INSERT INTO orders (order_id, customer_id, product_id, quantity, price, discount, status, order_date) VALUES (479, 58, 8, 2, 94700.0, 0.2, 'Cancelled', '2024-01-11');
INSERT INTO orders (order_id, customer_id, product_id, quantity, price, discount, status, order_date) VALUES (480, 46, 19, 9, 83500.0, 0.1, 'Delivered', '2026-02-02');
INSERT INTO orders (order_id, customer_id, product_id, quantity, price, discount, status, order_date) VALUES (481, 22, 32, 3, 149400.0, 0.2, 'Cancelled', '2026-12-14');
INSERT INTO orders (order_id, customer_id, product_id, quantity, price, discount, status, order_date) VALUES (482, 14, 17, 10, 90000.0, 0.0, 'Delivered', '2024-07-07');
INSERT INTO orders (order_id, customer_id, product_id, quantity, price, discount, status, order_date) VALUES (483, 59, 13, 6, 99500.0, 0.0, 'Shipped', '2024-11-27');
INSERT INTO orders (order_id, customer_id, product_id, quantity, price, discount, status, order_date) VALUES (484, 87, 38, 2, 8100.0, 0.2, 'Shipped', '2025-11-19');
INSERT INTO orders (order_id, customer_id, product_id, quantity, price, discount, status, order_date) VALUES (485, 65, 9, 8, 29800.0, 0.0, 'Pending', '2026-01-18');
INSERT INTO orders (order_id, customer_id, product_id, quantity, price, discount, status, order_date) VALUES (486, 56, 38, 8, 8100.0, 0.1, 'Delivered', '2026-10-06');
INSERT INTO orders (order_id, customer_id, product_id, quantity, price, discount, status, order_date) VALUES (487, 94, 9, 2, 29800.0, 0.05, 'Cancelled', '2026-10-11');
INSERT INTO orders (order_id, customer_id, product_id, quantity, price, discount, status, order_date) VALUES (488, 65, 25, 7, 35400.0, 0.1, 'Cancelled', '2024-05-13');
INSERT INTO orders (order_id, customer_id, product_id, quantity, price, discount, status, order_date) VALUES (489, 44, 19, 8, 83500.0, 0.2, 'Delivered', '2024-07-20');
INSERT INTO orders (order_id, customer_id, product_id, quantity, price, discount, status, order_date) VALUES (490, 90, 33, 5, 140900.0, 0.2, 'Cancelled', '2026-06-23');
INSERT INTO orders (order_id, customer_id, product_id, quantity, price, discount, status, order_date) VALUES (491, 95, 36, 4, 25500.0, 0.0, 'Delivered', '2026-12-10');
INSERT INTO orders (order_id, customer_id, product_id, quantity, price, discount, status, order_date) VALUES (492, 88, 23, 3, 5500.0, 0.15, 'Cancelled', '2024-09-18');
INSERT INTO orders (order_id, customer_id, product_id, quantity, price, discount, status, order_date) VALUES (493, 89, 21, 2, 19200.0, 0.2, 'Delivered', '2026-08-19');
INSERT INTO orders (order_id, customer_id, product_id, quantity, price, discount, status, order_date) VALUES (494, 74, 27, 9, 98200.0, 0.0, 'Shipped', '2024-09-04');
INSERT INTO orders (order_id, customer_id, product_id, quantity, price, discount, status, order_date) VALUES (495, 4, 25, 3, 35400.0, 0.0, 'Cancelled', '2024-04-09');
INSERT INTO orders (order_id, customer_id, product_id, quantity, price, discount, status, order_date) VALUES (496, 97, 11, 5, 117800.0, 0.15, 'Delivered', '2024-01-23');
INSERT INTO orders (order_id, customer_id, product_id, quantity, price, discount, status, order_date) VALUES (497, 38, 14, 9, 137600.0, 0.0, 'Delivered', '2025-02-20');
INSERT INTO orders (order_id, customer_id, product_id, quantity, price, discount, status, order_date) VALUES (498, 87, 36, 4, 25500.0, 0.15, 'Cancelled', '2026-07-08');
INSERT INTO orders (order_id, customer_id, product_id, quantity, price, discount, status, order_date) VALUES (499, 66, 19, 1, 83500.0, 0.05, 'Shipped', '2025-11-11');
INSERT INTO orders (order_id, customer_id, product_id, quantity, price, discount, status, order_date) VALUES (500, 71, 4, 1, 111100.0, 0.15, 'Delivered', '2024-10-28');

-- 8. Support Tickets
INSERT INTO support_tickets (ticket_id, customer_id, issue, priority, assigned_employee_id, status, created_date, resolved_date) VALUES (1, 100, 'Request for sandbox access credentials - Ref ID 4695', 'High', 38, 'In Progress', '2025-05-15', NULL);
INSERT INTO support_tickets (ticket_id, customer_id, issue, priority, assigned_employee_id, status, created_date, resolved_date) VALUES (2, 23, 'Billing dispute: duplicate charge on annual license - Ref ID 4063', 'Medium', 50, 'Open', '2026-01-14', NULL);
INSERT INTO support_tickets (ticket_id, customer_id, issue, priority, assigned_employee_id, status, created_date, resolved_date) VALUES (3, 36, 'Refund claim for cancelled SaaS seats - Ref ID 5329', 'Medium', 12, 'Resolved', '2025-06-15', '2025-06-17');
INSERT INTO support_tickets (ticket_id, customer_id, issue, priority, assigned_employee_id, status, created_date, resolved_date) VALUES (4, 6, 'SaaS latency spike exceeds SLA 3-second limit - Ref ID 6285', 'Low', 48, 'Resolved', '2026-10-18', '2026-10-21');
INSERT INTO support_tickets (ticket_id, customer_id, issue, priority, assigned_employee_id, status, created_date, resolved_date) VALUES (5, 10, 'Stock request pending manager approval since 4 days - Ref ID 9608', 'Medium', 12, 'Open', '2025-07-18', NULL);
INSERT INTO support_tickets (ticket_id, customer_id, issue, priority, assigned_employee_id, status, created_date, resolved_date) VALUES (6, 69, 'Pricing quote mismatch on custom SOW contract - Ref ID 2506', 'High', 15, 'In Progress', '2026-06-12', NULL);
INSERT INTO support_tickets (ticket_id, customer_id, issue, priority, assigned_employee_id, status, created_date, resolved_date) VALUES (7, 38, 'API endpoint /v1/customers returning 502 Bad Gateway - Ref ID 9691', 'Critical', 31, 'Open', '2025-11-12', NULL);
INSERT INTO support_tickets (ticket_id, customer_id, issue, priority, assigned_employee_id, status, created_date, resolved_date) VALUES (8, 58, 'API endpoint /v1/customers returning 502 Bad Gateway - Ref ID 4994', 'Low', 48, 'Resolved', '2026-02-13', '2026-02-16');
INSERT INTO support_tickets (ticket_id, customer_id, issue, priority, assigned_employee_id, status, created_date, resolved_date) VALUES (9, 70, 'Requested laptop replacement for damaged hardware screen - Ref ID 1404', 'High', 31, 'Closed', '2026-01-10', '2026-01-12');
INSERT INTO support_tickets (ticket_id, customer_id, issue, priority, assigned_employee_id, status, created_date, resolved_date) VALUES (10, 42, 'Refund claim for cancelled SaaS seats - Ref ID 2349', 'Low', NULL, 'In Progress', '2025-11-03', NULL);
INSERT INTO support_tickets (ticket_id, customer_id, issue, priority, assigned_employee_id, status, created_date, resolved_date) VALUES (11, 27, 'API endpoint /v1/customers returning 502 Bad Gateway - Ref ID 7950', 'Low', 15, 'Closed', '2025-12-22', '2025-12-24');
INSERT INTO support_tickets (ticket_id, customer_id, issue, priority, assigned_employee_id, status, created_date, resolved_date) VALUES (12, 4, 'Request for sandbox access credentials - Ref ID 6434', 'Low', 11, 'Open', '2025-03-26', NULL);
INSERT INTO support_tickets (ticket_id, customer_id, issue, priority, assigned_employee_id, status, created_date, resolved_date) VALUES (13, 33, 'Refund claim for cancelled SaaS seats - Ref ID 2154', 'Medium', 19, 'Closed', '2026-08-21', '2026-08-25');
INSERT INTO support_tickets (ticket_id, customer_id, issue, priority, assigned_employee_id, status, created_date, resolved_date) VALUES (14, 56, 'Stock request pending manager approval since 4 days - Ref ID 1276', 'Critical', 48, 'Open', '2025-11-24', NULL);
INSERT INTO support_tickets (ticket_id, customer_id, issue, priority, assigned_employee_id, status, created_date, resolved_date) VALUES (15, 80, 'Billing dispute: duplicate charge on annual license - Ref ID 1745', 'Low', 24, 'Open', '2026-11-10', NULL);
INSERT INTO support_tickets (ticket_id, customer_id, issue, priority, assigned_employee_id, status, created_date, resolved_date) VALUES (16, 78, 'Billing dispute: duplicate charge on annual license - Ref ID 5612', 'Critical', 27, 'Closed', '2025-08-06', '2025-08-11');
INSERT INTO support_tickets (ticket_id, customer_id, issue, priority, assigned_employee_id, status, created_date, resolved_date) VALUES (17, 29, 'SaaS latency spike exceeds SLA 3-second limit - Ref ID 7406', 'High', 48, 'In Progress', '2026-11-26', NULL);
INSERT INTO support_tickets (ticket_id, customer_id, issue, priority, assigned_employee_id, status, created_date, resolved_date) VALUES (18, 94, 'Stock request pending manager approval since 4 days - Ref ID 1182', 'Medium', 11, 'Open', '2025-10-20', NULL);
INSERT INTO support_tickets (ticket_id, customer_id, issue, priority, assigned_employee_id, status, created_date, resolved_date) VALUES (19, 51, 'Refund claim for cancelled SaaS seats - Ref ID 9970', 'Low', 19, 'In Progress', '2026-04-14', NULL);
INSERT INTO support_tickets (ticket_id, customer_id, issue, priority, assigned_employee_id, status, created_date, resolved_date) VALUES (20, 83, 'Refund claim for cancelled SaaS seats - Ref ID 3333', 'Medium', NULL, 'In Progress', '2025-10-27', NULL);
INSERT INTO support_tickets (ticket_id, customer_id, issue, priority, assigned_employee_id, status, created_date, resolved_date) VALUES (21, 33, 'API endpoint /v1/customers returning 502 Bad Gateway - Ref ID 2877', 'Medium', 48, 'Open', '2026-11-18', NULL);
INSERT INTO support_tickets (ticket_id, customer_id, issue, priority, assigned_employee_id, status, created_date, resolved_date) VALUES (22, 10, 'Requested laptop replacement for damaged hardware screen - Ref ID 2103', 'High', 11, 'In Progress', '2026-06-12', NULL);
INSERT INTO support_tickets (ticket_id, customer_id, issue, priority, assigned_employee_id, status, created_date, resolved_date) VALUES (23, 17, 'API endpoint /v1/customers returning 502 Bad Gateway - Ref ID 2639', 'High', 38, 'Open', '2025-06-16', NULL);
INSERT INTO support_tickets (ticket_id, customer_id, issue, priority, assigned_employee_id, status, created_date, resolved_date) VALUES (24, 58, 'Stock request pending manager approval since 4 days - Ref ID 6008', 'Medium', 38, 'Resolved', '2026-07-06', '2026-07-07');
INSERT INTO support_tickets (ticket_id, customer_id, issue, priority, assigned_employee_id, status, created_date, resolved_date) VALUES (25, 41, 'API endpoint /v1/customers returning 502 Bad Gateway - Ref ID 4629', 'Critical', 19, 'Resolved', '2025-11-24', '2025-11-27');
INSERT INTO support_tickets (ticket_id, customer_id, issue, priority, assigned_employee_id, status, created_date, resolved_date) VALUES (26, 62, 'Request for sandbox access credentials - Ref ID 8296', 'High', 19, 'Closed', '2025-03-21', '2025-03-26');
INSERT INTO support_tickets (ticket_id, customer_id, issue, priority, assigned_employee_id, status, created_date, resolved_date) VALUES (27, 11, 'Requested laptop replacement for damaged hardware screen - Ref ID 3293', 'Medium', 19, 'Open', '2025-01-28', NULL);
INSERT INTO support_tickets (ticket_id, customer_id, issue, priority, assigned_employee_id, status, created_date, resolved_date) VALUES (28, 65, 'VPN login timed out error after Okta verify - Ref ID 7637', 'Medium', 6, 'Resolved', '2026-11-25', '2026-11-27');
INSERT INTO support_tickets (ticket_id, customer_id, issue, priority, assigned_employee_id, status, created_date, resolved_date) VALUES (29, 47, 'Pricing quote mismatch on custom SOW contract - Ref ID 4658', 'High', 12, 'Closed', '2025-07-12', '2025-07-17');
INSERT INTO support_tickets (ticket_id, customer_id, issue, priority, assigned_employee_id, status, created_date, resolved_date) VALUES (30, 2, 'API endpoint /v1/customers returning 502 Bad Gateway - Ref ID 3717', 'Medium', NULL, 'Closed', '2025-03-19', '2025-03-24');
INSERT INTO support_tickets (ticket_id, customer_id, issue, priority, assigned_employee_id, status, created_date, resolved_date) VALUES (31, 85, 'SaaS latency spike exceeds SLA 3-second limit - Ref ID 8921', 'High', 6, 'In Progress', '2026-04-03', NULL);
INSERT INTO support_tickets (ticket_id, customer_id, issue, priority, assigned_employee_id, status, created_date, resolved_date) VALUES (32, 34, 'Stock request pending manager approval since 4 days - Ref ID 4834', 'Low', 48, 'In Progress', '2026-07-16', NULL);
INSERT INTO support_tickets (ticket_id, customer_id, issue, priority, assigned_employee_id, status, created_date, resolved_date) VALUES (33, 59, 'VPN login timed out error after Okta verify - Ref ID 1653', 'High', 11, 'Resolved', '2026-10-18', '2026-10-23');
INSERT INTO support_tickets (ticket_id, customer_id, issue, priority, assigned_employee_id, status, created_date, resolved_date) VALUES (34, 23, 'Pricing quote mismatch on custom SOW contract - Ref ID 7201', 'High', 38, 'Open', '2026-07-08', NULL);
INSERT INTO support_tickets (ticket_id, customer_id, issue, priority, assigned_employee_id, status, created_date, resolved_date) VALUES (35, 67, 'Pricing quote mismatch on custom SOW contract - Ref ID 6781', 'High', 30, 'Closed', '2025-09-05', '2025-09-09');
INSERT INTO support_tickets (ticket_id, customer_id, issue, priority, assigned_employee_id, status, created_date, resolved_date) VALUES (36, 22, 'API endpoint /v1/customers returning 502 Bad Gateway - Ref ID 2263', 'High', 15, 'In Progress', '2025-03-12', NULL);
INSERT INTO support_tickets (ticket_id, customer_id, issue, priority, assigned_employee_id, status, created_date, resolved_date) VALUES (37, 78, 'Billing dispute: duplicate charge on annual license - Ref ID 4773', 'Critical', 24, 'Open', '2026-11-16', NULL);
INSERT INTO support_tickets (ticket_id, customer_id, issue, priority, assigned_employee_id, status, created_date, resolved_date) VALUES (38, 62, 'API endpoint /v1/customers returning 502 Bad Gateway - Ref ID 3641', 'Critical', 6, 'In Progress', '2025-03-19', NULL);
INSERT INTO support_tickets (ticket_id, customer_id, issue, priority, assigned_employee_id, status, created_date, resolved_date) VALUES (39, 76, 'SaaS latency spike exceeds SLA 3-second limit - Ref ID 3207', 'Low', 38, 'In Progress', '2025-03-09', NULL);
INSERT INTO support_tickets (ticket_id, customer_id, issue, priority, assigned_employee_id, status, created_date, resolved_date) VALUES (40, 24, 'Refund claim for cancelled SaaS seats - Ref ID 7642', 'Low', NULL, 'Resolved', '2025-04-15', '2025-04-20');
INSERT INTO support_tickets (ticket_id, customer_id, issue, priority, assigned_employee_id, status, created_date, resolved_date) VALUES (41, 61, 'Request for sandbox access credentials - Ref ID 3794', 'Medium', 27, 'In Progress', '2025-10-22', NULL);
INSERT INTO support_tickets (ticket_id, customer_id, issue, priority, assigned_employee_id, status, created_date, resolved_date) VALUES (42, 66, 'Requested laptop replacement for damaged hardware screen - Ref ID 3747', 'High', 30, 'Open', '2025-07-13', NULL);
INSERT INTO support_tickets (ticket_id, customer_id, issue, priority, assigned_employee_id, status, created_date, resolved_date) VALUES (43, 17, 'Billing dispute: duplicate charge on annual license - Ref ID 1271', 'Medium', 31, 'Closed', '2025-10-04', '2025-10-06');
INSERT INTO support_tickets (ticket_id, customer_id, issue, priority, assigned_employee_id, status, created_date, resolved_date) VALUES (44, 61, 'Warehouse delivery address correction request - Ref ID 1639', 'Low', 11, 'Closed', '2025-10-18', '2025-10-19');
INSERT INTO support_tickets (ticket_id, customer_id, issue, priority, assigned_employee_id, status, created_date, resolved_date) VALUES (45, 100, 'Pricing quote mismatch on custom SOW contract - Ref ID 9553', 'Critical', 24, 'Open', '2026-04-26', NULL);
INSERT INTO support_tickets (ticket_id, customer_id, issue, priority, assigned_employee_id, status, created_date, resolved_date) VALUES (46, 62, 'Pricing quote mismatch on custom SOW contract - Ref ID 6742', 'Low', 27, 'In Progress', '2026-08-25', NULL);
INSERT INTO support_tickets (ticket_id, customer_id, issue, priority, assigned_employee_id, status, created_date, resolved_date) VALUES (47, 30, 'Billing dispute: duplicate charge on annual license - Ref ID 5641', 'Critical', 19, 'In Progress', '2025-12-24', NULL);
INSERT INTO support_tickets (ticket_id, customer_id, issue, priority, assigned_employee_id, status, created_date, resolved_date) VALUES (48, 1, 'Warehouse delivery address correction request - Ref ID 9561', 'Low', 31, 'Open', '2026-11-07', NULL);
INSERT INTO support_tickets (ticket_id, customer_id, issue, priority, assigned_employee_id, status, created_date, resolved_date) VALUES (49, 89, 'Stock request pending manager approval since 4 days - Ref ID 7698', 'High', 11, 'In Progress', '2026-11-19', NULL);
INSERT INTO support_tickets (ticket_id, customer_id, issue, priority, assigned_employee_id, status, created_date, resolved_date) VALUES (50, 33, 'Requested laptop replacement for damaged hardware screen - Ref ID 9783', 'Critical', NULL, 'Resolved', '2026-11-13', '2026-11-15');
INSERT INTO support_tickets (ticket_id, customer_id, issue, priority, assigned_employee_id, status, created_date, resolved_date) VALUES (51, 53, 'Refund claim for cancelled SaaS seats - Ref ID 8904', 'Medium', 24, 'Closed', '2026-05-19', '2026-05-22');
INSERT INTO support_tickets (ticket_id, customer_id, issue, priority, assigned_employee_id, status, created_date, resolved_date) VALUES (52, 100, 'Pricing quote mismatch on custom SOW contract - Ref ID 3262', 'Low', 50, 'In Progress', '2026-12-06', NULL);
INSERT INTO support_tickets (ticket_id, customer_id, issue, priority, assigned_employee_id, status, created_date, resolved_date) VALUES (53, 13, 'API endpoint /v1/customers returning 502 Bad Gateway - Ref ID 9328', 'Critical', 24, 'Open', '2025-07-21', NULL);
INSERT INTO support_tickets (ticket_id, customer_id, issue, priority, assigned_employee_id, status, created_date, resolved_date) VALUES (54, 1, 'Billing dispute: duplicate charge on annual license - Ref ID 3381', 'Critical', 38, 'Closed', '2025-02-09', '2025-02-11');
INSERT INTO support_tickets (ticket_id, customer_id, issue, priority, assigned_employee_id, status, created_date, resolved_date) VALUES (55, 48, 'Billing dispute: duplicate charge on annual license - Ref ID 1618', 'Critical', 27, 'Resolved', '2025-03-21', '2025-03-25');
INSERT INTO support_tickets (ticket_id, customer_id, issue, priority, assigned_employee_id, status, created_date, resolved_date) VALUES (56, 57, 'VPN login timed out error after Okta verify - Ref ID 4304', 'High', 15, 'Open', '2025-10-06', NULL);
INSERT INTO support_tickets (ticket_id, customer_id, issue, priority, assigned_employee_id, status, created_date, resolved_date) VALUES (57, 87, 'VPN login timed out error after Okta verify - Ref ID 6893', 'Medium', 48, 'Open', '2025-02-09', NULL);
INSERT INTO support_tickets (ticket_id, customer_id, issue, priority, assigned_employee_id, status, created_date, resolved_date) VALUES (58, 100, 'Pricing quote mismatch on custom SOW contract - Ref ID 6785', 'Critical', 27, 'In Progress', '2025-12-23', NULL);
INSERT INTO support_tickets (ticket_id, customer_id, issue, priority, assigned_employee_id, status, created_date, resolved_date) VALUES (59, 9, 'Billing dispute: duplicate charge on annual license - Ref ID 5661', 'High', 24, 'Resolved', '2025-10-07', '2025-10-11');
INSERT INTO support_tickets (ticket_id, customer_id, issue, priority, assigned_employee_id, status, created_date, resolved_date) VALUES (60, 52, 'Warehouse delivery address correction request - Ref ID 1076', 'High', NULL, 'In Progress', '2026-09-04', NULL);
INSERT INTO support_tickets (ticket_id, customer_id, issue, priority, assigned_employee_id, status, created_date, resolved_date) VALUES (61, 72, 'Billing dispute: duplicate charge on annual license - Ref ID 9243', 'High', 24, 'Open', '2026-09-27', NULL);
INSERT INTO support_tickets (ticket_id, customer_id, issue, priority, assigned_employee_id, status, created_date, resolved_date) VALUES (62, 74, 'Requested laptop replacement for damaged hardware screen - Ref ID 8254', 'Critical', 38, 'Closed', '2025-06-25', '2025-06-29');
INSERT INTO support_tickets (ticket_id, customer_id, issue, priority, assigned_employee_id, status, created_date, resolved_date) VALUES (63, 88, 'Request for sandbox access credentials - Ref ID 1448', 'Critical', 11, 'Resolved', '2025-07-21', '2025-07-23');
INSERT INTO support_tickets (ticket_id, customer_id, issue, priority, assigned_employee_id, status, created_date, resolved_date) VALUES (64, 87, 'API endpoint /v1/customers returning 502 Bad Gateway - Ref ID 6172', 'Critical', 24, 'Open', '2026-04-10', NULL);
INSERT INTO support_tickets (ticket_id, customer_id, issue, priority, assigned_employee_id, status, created_date, resolved_date) VALUES (65, 12, 'Pricing quote mismatch on custom SOW contract - Ref ID 6603', 'Low', 31, 'In Progress', '2026-06-12', NULL);
INSERT INTO support_tickets (ticket_id, customer_id, issue, priority, assigned_employee_id, status, created_date, resolved_date) VALUES (66, 28, 'Warehouse delivery address correction request - Ref ID 5408', 'Medium', 50, 'In Progress', '2026-12-07', NULL);
INSERT INTO support_tickets (ticket_id, customer_id, issue, priority, assigned_employee_id, status, created_date, resolved_date) VALUES (67, 31, 'API endpoint /v1/customers returning 502 Bad Gateway - Ref ID 5348', 'Medium', 15, 'In Progress', '2025-10-12', NULL);
INSERT INTO support_tickets (ticket_id, customer_id, issue, priority, assigned_employee_id, status, created_date, resolved_date) VALUES (68, 20, 'Billing dispute: duplicate charge on annual license - Ref ID 2964', 'Low', 48, 'Closed', '2025-09-02', '2025-09-06');
INSERT INTO support_tickets (ticket_id, customer_id, issue, priority, assigned_employee_id, status, created_date, resolved_date) VALUES (69, 48, 'Warehouse delivery address correction request - Ref ID 6167', 'Critical', 38, 'Resolved', '2026-03-25', '2026-03-30');
INSERT INTO support_tickets (ticket_id, customer_id, issue, priority, assigned_employee_id, status, created_date, resolved_date) VALUES (70, 36, 'Pricing quote mismatch on custom SOW contract - Ref ID 4638', 'Medium', NULL, 'Open', '2026-08-18', NULL);
INSERT INTO support_tickets (ticket_id, customer_id, issue, priority, assigned_employee_id, status, created_date, resolved_date) VALUES (71, 5, 'Refund claim for cancelled SaaS seats - Ref ID 6689', 'Critical', 48, 'In Progress', '2026-02-23', NULL);
INSERT INTO support_tickets (ticket_id, customer_id, issue, priority, assigned_employee_id, status, created_date, resolved_date) VALUES (72, 67, 'Request for sandbox access credentials - Ref ID 6171', 'Low', 6, 'In Progress', '2026-10-04', NULL);
INSERT INTO support_tickets (ticket_id, customer_id, issue, priority, assigned_employee_id, status, created_date, resolved_date) VALUES (73, 42, 'Stock request pending manager approval since 4 days - Ref ID 5254', 'Medium', 31, 'Resolved', '2025-05-16', '2025-05-21');
INSERT INTO support_tickets (ticket_id, customer_id, issue, priority, assigned_employee_id, status, created_date, resolved_date) VALUES (74, 44, 'Stock request pending manager approval since 4 days - Ref ID 4013', 'Critical', 27, 'In Progress', '2026-12-25', NULL);
INSERT INTO support_tickets (ticket_id, customer_id, issue, priority, assigned_employee_id, status, created_date, resolved_date) VALUES (75, 48, 'Stock request pending manager approval since 4 days - Ref ID 7563', 'High', 30, 'In Progress', '2025-10-22', NULL);
INSERT INTO support_tickets (ticket_id, customer_id, issue, priority, assigned_employee_id, status, created_date, resolved_date) VALUES (76, 30, 'Billing dispute: duplicate charge on annual license - Ref ID 5422', 'Medium', 31, 'Closed', '2026-04-05', '2026-04-07');
INSERT INTO support_tickets (ticket_id, customer_id, issue, priority, assigned_employee_id, status, created_date, resolved_date) VALUES (77, 61, 'VPN login timed out error after Okta verify - Ref ID 3893', 'Critical', 30, 'In Progress', '2026-08-10', NULL);
INSERT INTO support_tickets (ticket_id, customer_id, issue, priority, assigned_employee_id, status, created_date, resolved_date) VALUES (78, 33, 'Refund claim for cancelled SaaS seats - Ref ID 1781', 'Critical', 11, 'In Progress', '2025-04-27', NULL);
INSERT INTO support_tickets (ticket_id, customer_id, issue, priority, assigned_employee_id, status, created_date, resolved_date) VALUES (79, 33, 'Request for sandbox access credentials - Ref ID 2577', 'Critical', 50, 'Resolved', '2026-06-12', '2026-06-17');
INSERT INTO support_tickets (ticket_id, customer_id, issue, priority, assigned_employee_id, status, created_date, resolved_date) VALUES (80, 72, 'Requested laptop replacement for damaged hardware screen - Ref ID 6638', 'Low', NULL, 'Closed', '2025-06-28', '2025-07-03');
INSERT INTO support_tickets (ticket_id, customer_id, issue, priority, assigned_employee_id, status, created_date, resolved_date) VALUES (81, 26, 'Warehouse delivery address correction request - Ref ID 9821', 'Medium', 19, 'Resolved', '2026-11-17', '2026-11-21');
INSERT INTO support_tickets (ticket_id, customer_id, issue, priority, assigned_employee_id, status, created_date, resolved_date) VALUES (82, 100, 'Request for sandbox access credentials - Ref ID 2284', 'Critical', 38, 'Resolved', '2026-11-05', '2026-11-07');
INSERT INTO support_tickets (ticket_id, customer_id, issue, priority, assigned_employee_id, status, created_date, resolved_date) VALUES (83, 82, 'Stock request pending manager approval since 4 days - Ref ID 7911', 'Critical', 11, 'Open', '2025-06-08', NULL);
INSERT INTO support_tickets (ticket_id, customer_id, issue, priority, assigned_employee_id, status, created_date, resolved_date) VALUES (84, 41, 'Stock request pending manager approval since 4 days - Ref ID 5773', 'High', 38, 'Closed', '2026-08-25', '2026-08-28');
INSERT INTO support_tickets (ticket_id, customer_id, issue, priority, assigned_employee_id, status, created_date, resolved_date) VALUES (85, 96, 'Warehouse delivery address correction request - Ref ID 9535', 'Critical', 27, 'In Progress', '2025-01-05', NULL);
INSERT INTO support_tickets (ticket_id, customer_id, issue, priority, assigned_employee_id, status, created_date, resolved_date) VALUES (86, 94, 'API endpoint /v1/customers returning 502 Bad Gateway - Ref ID 5122', 'Low', 15, 'In Progress', '2026-02-04', NULL);
INSERT INTO support_tickets (ticket_id, customer_id, issue, priority, assigned_employee_id, status, created_date, resolved_date) VALUES (87, 9, 'Request for sandbox access credentials - Ref ID 9985', 'Low', 6, 'Closed', '2025-02-09', '2025-02-14');
INSERT INTO support_tickets (ticket_id, customer_id, issue, priority, assigned_employee_id, status, created_date, resolved_date) VALUES (88, 20, 'Billing dispute: duplicate charge on annual license - Ref ID 7387', 'High', 15, 'In Progress', '2026-08-21', NULL);
INSERT INTO support_tickets (ticket_id, customer_id, issue, priority, assigned_employee_id, status, created_date, resolved_date) VALUES (89, 17, 'SaaS latency spike exceeds SLA 3-second limit - Ref ID 9630', 'Medium', 6, 'Open', '2026-06-28', NULL);
INSERT INTO support_tickets (ticket_id, customer_id, issue, priority, assigned_employee_id, status, created_date, resolved_date) VALUES (90, 61, 'Request for sandbox access credentials - Ref ID 9856', 'High', NULL, 'Closed', '2025-12-18', '2025-12-20');
INSERT INTO support_tickets (ticket_id, customer_id, issue, priority, assigned_employee_id, status, created_date, resolved_date) VALUES (91, 76, 'Warehouse delivery address correction request - Ref ID 8480', 'Critical', 31, 'Resolved', '2026-08-18', '2026-08-20');
INSERT INTO support_tickets (ticket_id, customer_id, issue, priority, assigned_employee_id, status, created_date, resolved_date) VALUES (92, 12, 'Request for sandbox access credentials - Ref ID 6044', 'High', 27, 'Resolved', '2025-05-01', '2025-05-02');
INSERT INTO support_tickets (ticket_id, customer_id, issue, priority, assigned_employee_id, status, created_date, resolved_date) VALUES (93, 67, 'SaaS latency spike exceeds SLA 3-second limit - Ref ID 6634', 'High', 30, 'Open', '2026-08-10', NULL);
INSERT INTO support_tickets (ticket_id, customer_id, issue, priority, assigned_employee_id, status, created_date, resolved_date) VALUES (94, 2, 'Pricing quote mismatch on custom SOW contract - Ref ID 5799', 'Medium', 6, 'Resolved', '2025-07-18', '2025-07-22');
INSERT INTO support_tickets (ticket_id, customer_id, issue, priority, assigned_employee_id, status, created_date, resolved_date) VALUES (95, 51, 'API endpoint /v1/customers returning 502 Bad Gateway - Ref ID 3675', 'Critical', 27, 'In Progress', '2026-02-14', NULL);
INSERT INTO support_tickets (ticket_id, customer_id, issue, priority, assigned_employee_id, status, created_date, resolved_date) VALUES (96, 81, 'API endpoint /v1/customers returning 502 Bad Gateway - Ref ID 9464', 'High', 19, 'Resolved', '2026-04-28', '2026-04-29');
INSERT INTO support_tickets (ticket_id, customer_id, issue, priority, assigned_employee_id, status, created_date, resolved_date) VALUES (97, 24, 'SaaS latency spike exceeds SLA 3-second limit - Ref ID 5744', 'Low', 48, 'Closed', '2026-05-23', '2026-05-28');
INSERT INTO support_tickets (ticket_id, customer_id, issue, priority, assigned_employee_id, status, created_date, resolved_date) VALUES (98, 63, 'API endpoint /v1/customers returning 502 Bad Gateway - Ref ID 6253', 'Low', 12, 'Open', '2025-03-04', NULL);
INSERT INTO support_tickets (ticket_id, customer_id, issue, priority, assigned_employee_id, status, created_date, resolved_date) VALUES (99, 37, 'Requested laptop replacement for damaged hardware screen - Ref ID 3048', 'Critical', 50, 'Open', '2025-02-05', NULL);
INSERT INTO support_tickets (ticket_id, customer_id, issue, priority, assigned_employee_id, status, created_date, resolved_date) VALUES (100, 2, 'Request for sandbox access credentials - Ref ID 4558', 'High', NULL, 'Closed', '2026-08-12', '2026-08-16');

-- Adjust Serial Primary Key Sequences
SELECT setval('departments_department_id_seq', COALESCE((SELECT MAX(department_id)+1 FROM departments), 1), false);
SELECT setval('employees_employee_id_seq', COALESCE((SELECT MAX(employee_id)+1 FROM employees), 1), false);
SELECT setval('users_user_id_seq', COALESCE((SELECT MAX(user_id)+1 FROM users), 1), false);
SELECT setval('customers_customer_id_seq', COALESCE((SELECT MAX(customer_id)+1 FROM customers), 1), false);
SELECT setval('products_product_id_seq', COALESCE((SELECT MAX(product_id)+1 FROM products), 1), false);
SELECT setval('inventory_inventory_id_seq', COALESCE((SELECT MAX(inventory_id)+1 FROM inventory), 1), false);
SELECT setval('orders_order_id_seq', COALESCE((SELECT MAX(order_id)+1 FROM orders), 1), false);
SELECT setval('support_tickets_ticket_id_seq', COALESCE((SELECT MAX(ticket_id)+1 FROM support_tickets), 1), false);